_id,id_str,content,user_loc,user_screen_name,retweet_count,fav_count,created_at
5ffde71f5e4953000d99dd55,1.34873534494719E+018,"Virtual learning has caused a fair share of frustration for many students, families, and educators, but that's not always the case. Read below to find out why some ""love virtual learning."" #virtuallearning #k12 #edchat #schoolsreopening #education 
https://t.co/tJBlecoRwm",Wisconsin,Edficiency,0,0,2021-01-11 20:55:39
5ffde71f5e4953000d99dd58,1.34870414894716E+018,"Preparing for high school is an exciting time! The SJCSD VIRTUAL High School Showcase is Tuesday, Jan 12. This event highlights special Programs of Choice available for rising 9th and 10th graders. https://t.co/xwSmzJA1zk","St. Augustine, Florida",SJCSD,0,0,2021-01-11 18:51:41
5ffde71f5e4953000d99dd59,1.3486845156408E+018,Updated list of Wi-Fi Hotspots in Accomack County - Available Wi-Fi Hotspots for virtual students. https://t.co/G7gTMtsX8F https://t.co/M7Gzs1UYha,"Oak Hall, Virginia",AMSPANTHERS,2,2,2021-01-11 17:33:40
5ffde71f5e4953000d99dd5d,1.34867168120897E+018,"The Nature-based 4K Parent Night for enrollment in the 2021-2022 school year will be virtual on Thursday, January 14 - a great opportunity for families to learn more about the West Bend School District‚Äôs community-based 4-year-old kindergarten program. https://t.co/hztQAjANyO","Newburg, WI",RiveredgeNC,0,0,2021-01-11 16:42:40
5ffde71f5e4953000d99dd5f,1.34866896314898E+018,Where have all the laptops gone? Some #K12 school districts couldn‚Äôt recover devices initially distributed for #RemoteLearning. That‚Äôs why device management matters. via @EdTech_K12 https://t.co/EBV0fXvXgu #edtech #edchat,"Connecticut, USA",daveandcori,0,0,2021-01-11 16:31:52
5ffde71f5e4953000d99dd65,1.34858085922237E+018,"Will you join me at one of the best virtual summits out there.... ‚Å¶@sheldoneakins‚Å© brings together an exciting line up of educators starting today! 
#edutwitter #equity #k12 The Art of Advocacy Virtual Summit https://t.co/NRipvIKw7t","Florida, USA",SpedTechMia,1,2,2021-01-11 10:41:46
5ffde71f5e4953000d99dd69,1.34798040850861E+018,"@evenidevilcean  The #hybridclassroom requires one foot in the virtual classroom and another in the physical. Here's a roundup of 5 solid hybrid classroom products from: @MicrosoftEDU, @SamsungEDU, @Swivl, @Logitech @LenovoEducation #ISTE20 via @EdTech_K12 https://t.co/iKbrUNQxPN","New Jersey, USA",JMilntschuk,1,3,2021-01-09 18:55:48
5ffde71f5e4953000d99dd6b,1.34794813614934E+018,Excellent story to counter the #FUD out there on sending devices home with students - Monitoring Mobile Devices in a Virtual Environment | EdTech Magazine https://t.co/olD6sdwuE6,"Minneapolis, MN",Dave_Saltmarsh,1,0,2021-01-09 16:47:33
5ffde71f5e4953000d99dd6e,1.34770716821312E+018,"MPS students enjoyed virtual winter camps over their holiday break and had the chance to meet animals and create music. #MPSProud

Read the full story at: https://t.co/7WjysKim8H https://t.co/AGyQ8kJQPk",Milwaukee,MilwaukeeMPS,0,0,2021-01-09 00:50:02
5ffde71f5e4953000d99dd6f,1.34769030723257E+018,Monitoring Mobile Devices in a Virtual Environment https://t.co/oiyzNESfo6 https://t.co/QZveXF6E5v,"Boca Raton, Florida USA",CrossTec,0,0,2021-01-08 23:43:02
5ffde7205e4953000d99dd74,1.34762755947576E+018,"#GuildChat A4b One of the other designers I work with came up with this camera-pack thing. In it is everything (lighting, mics,instructions for using smartphone cameras) that we send to clients to capture their own media. We may have got the idea from https://t.co/0farg91a9B","CA, AZ, NM, TX",urbie,0,1,2021-01-08 19:33:42
5ffde7205e4953000d99dd76,1.34755116946443E+018,"Today we announced our plan to start the 3rd quarter of the 2020-21 SY in an all-virtual learning environment at all grade levels. This means that virtual learning will continue for all grade levels until we determine it is safe to return to buildings.

‚û°Ô∏è https://t.co/J3Oi09Kuva https://t.co/JbBrvHs2cG","Madison, WI",MMSDschools,9,23,2021-01-08 14:30:09
5ffde7205e4953000d99dd87,1.34715927849959E+018,NASA STEM Engagement. Explore NASA's STEM Resources for K-12.  Excellent resources to inspire and engage student learning.  Excellent resources to integrate into virtual learning programs.  #K12 #eLearning https://t.co/9LrpbTS5mW,Terre Haute Indiana,RoseHulmanPRISM,1,0,2021-01-07 12:32:55
5ffde7205e4953000d99dd92,1.34682984567901E+018,"Families of the Class of 2025: Join us to learn about the amazing academic opportunities at New Trier High School on Tuesday, Jan 12 from 6:30-8:30 p.m.

Click here for more information about the upcoming virtual Academic Life event: https://t.co/QjIx77Ft00 https://t.co/VrHSIEKxx4","Winnetka and Northfield, IL",NewTrier203,0,2,2021-01-06 14:43:52
5ffde7205e4953000d99dd94,1.34682264261201E+018,Protecting Students from Cyberbullying in the Virtual Classroom https://t.co/BSWdOEgRVO via @EdTech_K12 #edchat #cyberbullying #ptchat,"Princeton, NJ",psychauthormom,0,0,2021-01-06 14:15:15
5ffde7205e4953000d99dd99,1.34658454125589E+018,"As COVID protocols continue to limit crowds at high school athletic events, a new Amherst EV Schools after-school club is working on a way to bring the community back to the stands virtually. https://t.co/HyNsr7zZUg #OhioEd #K12 @StevenASayers","Columbus, OH",OHschoolboards,1,1,2021-01-05 22:29:07
5ffde7205e4953000d99dd9d,1.34654829533063E+018,"Hey #EdChat: do you leverage #esports in your #K12 curriculum? Here are several strategies you can use to gamify üéÆ your virtual classroom.
https://t.co/Ef6V4AVJj4","New York, USA",ToshibaAmerica,0,0,2021-01-05 20:05:05
5ffde7205e4953000d99dd9e,1.34654652594254E+018,"2021-22 Audition Panel

In lieu of our traditional Audition workshop (a time to come meet the teachers and work hands on) we will be holding a virtual audition panel. 1/7/2021 @3:00 ‚Äì 4:00pm at the link found on the CFA website. See you there!

https://t.co/UBzNpaVpIy https://t.co/9Oa81B6YNz","Richmond, VA",CFA_Henrico,1,2,2021-01-05 19:58:04
5ffde7205e4953000d99dda5,1.3464735547165E+018,Do you need tips on navigating virtual learning? Make sure you visit our help page at https://t.co/D7CGKjEDk6! https://t.co/JlJNy6BaaV,"Bedford, Indiana",WeAreNLCS,1,0,2021-01-05 15:08:06
5ffde7205e4953000d99dda6,1.34644542050395E+018,Virtual Reality Matures in the K-12 Classroom https://t.co/ZFRGjHLejg #education #edtech #vr #k12,"Houston, Texas",R4DigiLearn,0,1,2021-01-05 13:16:18
5ffde7215e4953000d99dda7,1.34901623961258E+018,"SOMSD families a reminder transportation request forms and e-signatures for COVID-19 Parent Agreement Letter of Compliance for students returning to hybrid instruction are due today, Tuesday, January 12. Click here for more info:  https://t.co/m0aYmduBOS https://t.co/S97F17RzHN","Maplewood, NJ",SOMSDK12,0,0,2021-01-12 15:31:49
5ffde7215e4953000d99dda8,1.34900850915378E+018,"ATTENTION PARENTS AND STUDENTS:  Please review the attached schedule for the return to the Hybrid Schedule starting next TUESDAY, JANUARY 19.  To view the semester calendar go to https://t.co/yy76NzpRaO https://t.co/DwwN41JTFu","Indiana, USA",ElkhartEACC,1,2,2021-01-12 15:01:06
5ffde7215e4953000d99dda9,1.34898940740411E+018,"In some places, #teachers and #students have settled in nicely to #hybridlearning via @EdTech_K12 https://t.co/oqwQq4vlCo","Newton, MA",Eduporium,1,0,2021-01-12 13:45:12
5ffde7215e4953000d99ddaa,1.34898563138132E+018,"SOMSD families please view return to school updates for hybrid re-entry schedules for the next 3 weeks.   Important update,  Wed., 1/13 will be a District-wide asynchronous day (no live instruction) for all students.  Click here for more info:  https://t.co/0cc80MmGEr https://t.co/BEti0i79gv","Maplewood, NJ",SOMSDK12,0,0,2021-01-12 13:30:12
5ffde7215e4953000d99ddae,1.34869249825697E+018,How are #K12 schools preparing for hybrid models of instruction? @LeanderISD leaders focused on professional development and plan to upgrade district firewalls and core switches. #edtech via @EdTech_K12 https://t.co/9Rp0cKYv9r #SCEPFP #EdPolicy #EdLeadership #Edchat #Edtech,"South Carolina, USA",PolicySc,0,0,2021-01-11 18:05:23
5ffde7215e4953000d99ddaf,1.34838009185275E+018,How are #K12 schools preparing for hybrid models of instruction? @LeanderISD leaders focused on professional development and plan to upgrade district firewalls and core switches. #edtech via @EdTech_K12 https://t.co/uOjhNOv0wN,"Alexandria, VA",NAESP,5,5,2021-01-10 21:24:00
5ffde7215e4953000d99ddb2,1.34811110239207E+018,"How K‚Äì12 #Schools Map Paths to Effective Hybrid Learning by Calvin Hennick. #edtech #blendedlearning
#remotelearning https://t.co/wtSSoIecD1","Wisconsin, USA",mrsa_sci,1,1,2021-01-10 03:35:08
5ffde7215e4953000d99ddb5,1.3477008501275E+018,"The ‚Å¶@ALPublicHealth‚Å© ‚Å¶COVID dashboard for K12 schools was not updated today. It will be updated next Friday, Jan. 15. Many schools have not yet returned to face-to-face instruction, starting back either remotely or in hybrid/staggered mode. #aledchat https://t.co/UJG9uFvKRl","Birmingham, Alabama",Trish_Crain,3,8,2021-01-09 00:24:56
5ffde7215e4953000d99ddb9,1.34757086317715E+018,"Given the rising local case numbers of COVID-19 and the expected post-holiday increases yet to come, Calvert County Public Schools will postpone the planned start of hybrid instruction indefinitely. More information: 
https://t.co/ALcZat9VD5","Prince Frederick, Maryland",calvertnet,5,3,2021-01-08 15:48:25
5ffde7215e4953000d99ddbb,1.34732649036351E+018,Update from Superintendent of LCSD ‚Äì Return to Hybrid Update for¬†February https://t.co/yeK0tSbtLq,"Newport, Oregon",NHSCUBS,0,0,2021-01-07 23:37:22
5ffde7215e4953000d99ddbc,1.34732643025481E+018,Update from Superintendent of LCSD ‚Äì Return to Hybrid Update for¬†February https://t.co/AQjfHbrd2y,"Waldport, Oregon ",IrishWHS,0,0,2021-01-07 23:37:07
5ffde7215e4953000d99ddbd,1.3473192014265E+018,The commitment to return to full in-person or hybrid learning must be signed by the superintendent or chief administrative officer of the school and submitted by Jan. 18 to schools@odh.ohio.gov. Download the form at https://t.co/x7ni5g9UEH #OhioEd #K12 https://t.co/g0yWqyXCop,"Columbus, OH",OHschoolboards,7,7,2021-01-07 23:08:24
5ffde7215e4953000d99ddbe,1.34731586127994E+018,Update from Superintendent of LCSD ‚Äì Return to Hybrid Update for¬†February https://t.co/jDEkCFzQdO,Central Oregon Coast,LCSD_Oregon,0,0,2021-01-07 22:55:07
5ffde7215e4953000d99ddc0,1.34700756332218E+018,"We want to take some time to address issues around Limited In Person Instruction (LIPI) and reopening to a hybrid model. 

Details: https://t.co/jIqnNyBLjU","Newberg, Oregon",NewbergSchools,0,0,2021-01-07 02:30:03
5ffde7215e4953000d99ddc1,1.34687144832605E+018,"Secondary Hybrid Calendar Updated Through Mid February. Click the link below for more details.
https://t.co/HX0t86Dszq https://t.co/NwhPx2R1wc","Washington, Missouri",SDofWashington,4,6,2021-01-06 17:29:11
5ffde7215e4953000d99ddc2,1.34686762592247E+018,How are #K12 schools preparing for hybrid models of instruction? @LeanderISD leaders focused on professional development and plan to upgrade district firewalls and core switches. #edtech via @EdTech_K12 https://t.co/wOiHqNJvvl #LTWllc #Security,"NJ, NY & PA",LTWllc,0,1,2021-01-06 17:14:00
5ffde7215e4953000d99ddc4,1.34662784891256E+018,"Superintendent Update on Hybrid Planning

https://t.co/L0XTbCpZSa","Albany, OR",GreaterAlbanySD,0,0,2021-01-06 01:21:12
5ffde7215e4953000d99ddc5,1.34657848293192E+018,"CEO Penny Ciaburri's first blog post of the new year discusses the little things we can do in #K12 #Education to improve #SchoolCulture as #students return to face-to-face, #remotelearning and hybrid learning environments.

https://t.co/9v8n9yMDCN https://t.co/C4imD5ijAP",Florida and New York,plcassociates,0,0,2021-01-05 22:05:03
5ffde7215e4953000d99ddc6,1.34656966258304E+018,"‚ÄúTeachers are always trying to help, and if they can‚Äôt help, they send things over to me. I do think we‚Äôre moving in a very positive direction, where every week gets better and better"" üó£Ô∏èüó£Ô∏è

#k12education
#Leadership
#Justice
#Equity 

https://t.co/2xVlDMdoOU",New Brunswick,SDPInstitute,1,1,2021-01-05 21:30:00
5ffde7215e4953000d99ddc7,1.34650170396162E+018,How are #K12 schools preparing for hybrid models of instruction? @LeanderISD leaders focused on professional development and plan to upgrade district firewalls and core switches. #edtech via @EdTech_K12 https://t.co/vpTxBR1BZi #edchat #remotelearning #hybridlearning,"Connecticut, USA",daveandcori,0,1,2021-01-05 16:59:57
5ffde7215e4953000d99ddc8,1.3464855995875E+018,"5 Technology Tips for K-12 Hybrid Learning:
https://t.co/76Dv7txf6N

#k12 #education #806technologies","Plano, Texas",806Technologies,0,0,2021-01-05 15:55:58
5ffde7215e4953000d99ddc9,1.34648179776537E+018,"#EDUCATION: How some #K12 #schools have hit their stride in the effort to provide rigorous and engaging #remotelearning to #students.

https://t.co/zBbejHvLQE

#Hybrid #learning #COVID19",USA,educationblog,1,2,2021-01-05 15:40:51
5ffde7215e4953000d99ddca,1.34647329249692E+018,How K‚Äì12 Schools Map Paths to Effective Hybrid Learning https://t.co/yeqD1YKCA6 https://t.co/5UwiVDJ4ju,"Boca Raton, Florida USA",CrossTec,0,0,2021-01-05 15:07:03
5ffde7215e4953000d99ddcb,1.34646544006375E+018,How are #K12 schools preparing for hybrid models of instruction? @LeanderISD leaders focused on professional development and plan to upgrade district firewalls and core switches. #edtech via @EdTech_K12 https://t.co/CP3EqLbgQo,"Oklahoma City, OK",VideoReality,0,0,2021-01-05 14:35:51
5ffde7215e4953000d99ddcc,1.34633424165148E+018,"@PNW_working_mom @cutthebutter @BeavertonSD Check out this page from BSD: https://t.co/iencb9Gf5s

New cases must be below 100 per 100,000 people and we're not there yet. When we reach the threshold, hybrid learning can occur.",Pacific Northwest,doctormanker,0,0,2021-01-05 05:54:31
5ffde7225e4953000d99ddcd,1.34903239767378E+018,"‚ÄúWhat was a homework gap is now a learning gap.‚Äù

While households with K-12 students saw a sizable increase in device availability as education transitioned from in-person to #remote in 2020, there has been little change in internet availability since May.","Washington, DC",LWB_USA,0,1,2021-01-12 16:36:02
5ffde7225e4953000d99ddce,1.3488244310456E+018,"Crawford County Eagles' Nest (Pre-K), Crawford County Elementary School, and Crawford County Middle School will move to remote learning starting January 12 and will return to face-to-face instruction on January 25, 2021.
https://t.co/xeEDNKvIDL","Macon, Georgia",WGXAnews,0,0,2021-01-12 02:49:38
5ffde7225e4953000d99ddd0,1.34880303983931E+018,"I am always shocked that asynchronous learning is almost completely disregarded when K-12 remote learning schedules are made. However, asynchronous learning can afford meaningful and deep learning opportunities Synchronous and asynchronous learning should be combined. https://t.co/n7P7Qow67o","New York, NY",ClaraBauler,0,3,2021-01-12 01:24:38
5ffde7225e4953000d99ddd1,1.34879105520287E+018,"As cases of COVID-19 continue to spike statewide in the aftermath of the holidays, K-12 schools are once again struggling to maintain in-person learning and keep classrooms safe. https://t.co/COwptUu1qN","Rutland, Vermont",RutlandHerald,0,1,2021-01-12 00:37:01
5ffde7225e4953000d99ddd3,1.34875653047296E+018,"Important winter break return info for our Galena-based Sidney C. Huntington School Families: 

üóìJan 12/13 Galena-based Teacher In-Service (no classes)

üóìJan 14 K-8 SHS students will return to in-person learning

üóìJan 14 SHS high school students remote learning via Teams

1/2","Galena, Alaska",GCSDAlaska,0,0,2021-01-11 22:19:50
5ffde7225e4953000d99ddd4,1.34875054742013E+018,"REMINDER: Tomorrow, January 12, is an early release day for grades K-8.

This means there will be AM prekindergarten classes only, no PM prekindergarten. Full day prekindergarten classes will be on a shortened schedule.

For high school, group A is in person, group B is remote. https://t.co/yyZHj1mcSa","Lincoln, Nebraska",LPSorg,0,3,2021-01-11 21:56:03
5ffde7225e4953000d99ddd5,1.34871364872693E+018,@PaulChauvet @Daniell63740189 @MarkLevineNYC @uupinfo Seems interesting that a remote teacher or administrator (k-12) is ahead of colleges that are open and have employees going into the office?,"New York, NY",LAMhookem,0,1,2021-01-11 19:29:26
5ffde7225e4953000d99ddd6,1.3486987945448E+018,.@SenSchumer has secured over $4 billion in new federal funding for K-12 education that can be used to ensure all of NY‚Äôs students have access to the remote learning tools outside of schools and social and emotional support inside of schools.  8/10,New York State,AQE_NY,0,0,2021-01-11 18:30:24
5ffde7225e4953000d99ddd7,1.34867039120884E+018,"Thank you for this clarification! 

Colleagues, we are not eligible in this round. Which, as most campuses are remote or hybrid, makes sense. K-12 ed workers are absolutely most at risk. https://t.co/KLskOvesIr",New York,ShayoniMitra,0,2,2021-01-11 16:37:33
5ffde7225e4953000d99ddd8,1.34866893714011E+018,"Reminder ~ Thursday, January 14, 2021 will be a planned Remote Learning Day for all students K-12. No students are to come to the buildings for classes on this day. https://t.co/w0orvwOvGQ","Lake George, NY",LakeGeorgeCSD,0,1,2021-01-11 16:31:46
5ffde7225e4953000d99ddfb,1.34660072563629E+018,"The Remote K 12 Summit looks great! There are 130+ free PD sessions Saturday, January 9 https://t.co/s62uu39jyR","North Carolina, USA",PollyGlotPress,1,4,2021-01-05 23:33:26
5ffde7225e4953000d99ddfc,1.34659231417352E+018,"While much of K-12 education remains remote during the pandemic, there are still ways that teachers can still use culturally responsive teaching practices in online classrooms. 

More from @DrRMahmood via @Tolerance_org here: https://t.co/FTi6Q4om3l",Washington D.C.,EdProgress,0,1,2021-01-05 23:00:00
5ffde7225e4953000d99ddfe,1.34655291442529E+018,"DeWine on vaccinating K-12 staff: ""Schools have every right to stay remote. We're not telling them what to do.""
""We happen to think that having school in-person, for most kids, is probably better.""","Columbus, OH",susantebben,1,1,2021-01-05 20:23:27
5ffde7225e4953000d99ddff,1.34652801007417E+018,"Just a reminder that if you want to testify remotely during an #mtleg hearing, you have to register online by 12:00PM the day BEFORE the hearing. This includes submitting written testimony, as some committees have barred remote testimony via zoom.","Missoula, MT",S_K_Rossi,23,35,2021-01-05 18:44:29
5ffde7225e4953000d99de02,1.34648673203278E+018,"Teaching Math at a Distance, Grades K-12 by Theresa Wills, @theresawills will inspire with real-stories of teachers who reimagined their online class while using familiar pedagogies from their face-to-face setting.

Available at the #NCTM bookstore:  https://t.co/Y4vFBp6LIl https://t.co/mMtwObdoVc","Reston, Virginia",NCTM,8,34,2021-01-05 16:00:28
5ffde7235e4953000d99de04,1.34899829133432E+018,"The primary struggle of K-12 educators in an in-person school setting is keeping every student engaged and on task, until the completion of the assignment or activity.  The K-12 distance learning experience, necessitated by the pandemic, has taught parents how difficult it is.","Richmond, VA",pamcgowan52,0,0,2021-01-12 14:20:30
5ffde7235e4953000d99de07,1.34789317621706E+018,"School leaders were instructed Monday to move all Pre-K-12 classes to distance learning no later than Thursday, Jan. 7, to give parents, guardians, and families some time to adjust their schedules. https://t.co/G12lksXtNy via @fox8nola #coronavirus #covid19","Manhattan, NY",StephanieCion,0,0,2021-01-09 13:09:10
5ffde7235e4953000d99de08,1.34765164396643E+018,MPS just texted that pre-K-5 are going back to in-person learning next month. 6-12 will continue distance learning.,"Minneapolis, MN",tomlowrysghost,2,1,2021-01-08 21:09:24
5ffde7235e4953000d99de09,1.34762651428894E+018,All students at Hermantown Community Schools were switched to distance learning in late November due to a high number of close contacts being out and high COVID-19 numbers in the community. https://t.co/n38eYXLRjU,"Minnesota, USA",adellewhitefoot,0,0,2021-01-08 19:29:33
5ffde7235e4953000d99de0a,1.34756622734297E+018,"PA Distance educates K-12 students from all across Pennsylvania. Because of that, our teachers get the opportunity to develop relationships with students from different backgrounds who have a variety of needs.

https://t.co/qzHG6OUG8e",Pennsylvania,PA_Distance,0,1,2021-01-08 15:29:59
5ffde7235e4953000d99de0c,1.34752819221988E+018,Imagine: ongoing (virtual) workshops and conferences on distance learning. A summer summit for teachers on what went well/what to try in the fall. Working with private industry to provide free broadband for all K-12 students nationwide for duration of pandemic.,"Providence, RI",debbylevine,0,6,2021-01-08 12:58:51
5ffde7235e4953000d99de0e,1.34718197580375E+018,"Check out this OnDemand 6-part series that dives into Fisher, Frey, and Hattie's new book, The Distance Learning Playbook, Grades K-12. #INeLearn #INedChat @KeepINLearning https://t.co/3LvrCtdvrZ https://t.co/wXXyeM0MtS",Indianapolis,IndianaOnline05,1,1,2021-01-07 14:03:07
5ffde7235e4953000d99de13,1.34683526700567E+018,Are people truly this blind to what is going on? Virtual and distance learning is failing K-12 students. Kids are suffering. Wake up America and #OpenSchools https://t.co/VThGsfz9Bj,"Virginia, USA",MJGood4three,1,2,2021-01-06 15:05:25
5ffde7235e4953000d99de14,1.34669800948084E+018,The Nevada Department of Education on Tuesday said that 100% of students are connected to internet for distance learning. FOX5's @NkirukaAzuka has the story. https://t.co/c482kJgDvD https://t.co/ceVNmged73,Las Vegas,FOX5Vegas,2,9,2021-01-06 06:00:00
5ffde7235e4953000d99de15,1.34658983825071E+018,"All Nevada K-12 students have distance learning access, state task force says https://t.co/9K3yaR670H via @fox5vegas #blackbusinesschamber","Las Vegas, Nevada",BBChamberLV,0,0,2021-01-05 22:50:10
5ffde7235e4953000d99de19,1.34654614198325E+018,"With students returning to online classrooms after the holidays, the #FBI expects a proliferation of #cyberthreats targeting K-12 schools and distance learning platforms: 

#Cybersecurity #Covid19 #Pandemic #Malware #OnlineLearning‚Ä¶https://t.co/EnXztqndqX https://t.co/nM5z1Zajno",Washington DC,TRYDC,0,0,2021-01-05 19:56:32
5ffde7235e4953000d99de1a,1.34653568917365E+018,"All students have confirmed at-home access to the internet and a computer, Connecting Kids said Tuesday. In August, schools were unable to confirm connectivity for more than 120,000 students. 
https://t.co/pMnTCGnKfe",Las Vegas,FOX5Vegas,2,3,2021-01-05 19:15:00
5ffde7235e4953000d99de1c,1.34647296980401E+018,"The group, formed under Gov. Steve Sisolak's COVID-19 Task Force, has reached and connected every Nevada K-12 student participating in distance learning, either full- or part-time.
 https://t.co/2kGI15svE1",Las Vegas,FOX5Vegas,0,5,2021-01-05 15:05:46
5ffde7245e4953000d99de1d,1.34902711688987E+018,Students at @UMich have started a free online tutoring service to help K-12 students from low-income families complete their schoolwork. https://t.co/MASKo60pIW,"Washington, DC",povertynews,0,2,2021-01-12 16:15:03
5ffde7245e4953000d99de1e,1.34901862006881E+018,@mandisbarnard Argh! Sorry. I am grateful that my CC bit the bullet and is holding almost everything online. Our state does not prioritize college faculty and staff for vaccinations. I won't complain b\c they do prioritize K-12 and migrant workers along with healthcare and first responders,"Manassas, VA",3MGriffith,0,2,2021-01-12 15:41:17
5ffde7245e4953000d99de21,1.34898552939262E+018,"#artpeacemakers calls on artists of all ages to dedicate writing, art &amp; music to MLK (via #MLKlives2021). We'll spotlight k-12 student art in storefront windows &amp; online @prez_hall  (drawing by Dusty O'Campbell, grade 7, Nauset Regional Middle School) @wellfleetlib @WHATorg https://t.co/v2zq1IDmWW",cape cod,jerushko,0,0,2021-01-12 13:29:47
5ffde7245e4953000d99de22,1.34897306493187E+018,Virtual School is Only Option for Over 50% of US K-12 Students as 2021 Begins. What is long term impact on teachers/students who had to jump online with little/no on boarding and/or training in best practices? What do we know for the future of ed-hybrid? https://t.co/ZaQYaIq7tH,"Denver, CO",GlobalMindEDorg,0,0,2021-01-12 12:40:16
5ffde7245e4953000d99de23,1.34895836946649E+018,"@filtrfairy I wholeheartedly feel so bad for female idols...they face pressure from the kpop industry...and also have to worry about the spycam horror in korea...spycam photos of Momoland's Nancy recently went online and she is experiencing emotional trauma...so sad!!
https://t.co/Xy8IDepQms",NJ,_krystal_snow_,0,1,2021-01-12 11:41:52
5ffde7245e4953000d99de24,1.34884402959374E+018,All Detroit Lakes K-12 students to start in-person or hybrid learning on Jan. 19 https://t.co/fy0MPWEqXm,"Detroit Lakes, Minnesota",DLNewspapers,1,3,2021-01-12 04:07:31
5ffde7245e4953000d99de25,1.3488233344405E+018,"This is a great question. While majority of students hate online school, there are plenty are do so much better at it. I would love to see the school district open a k-12 online only charter school for these students and allow this to be an option for ever for those who want it. https://t.co/2hYMeFuUo6","Milwaukie (Portland), Oregon",craigmdyer,0,10,2021-01-12 02:45:17
5ffde7245e4953000d99de27,1.34879152906678E+018,"Weird how many online K-12 schools and home schooling programs there are with successful kids, but only physical schools are the solution.",Arizona,FadedNeonGlow,0,0,2021-01-12 00:38:54
5ffde7245e4953000d99de28,1.34879068037887E+018,".@WJCLNews: in-person K-12 teaching is critical; teachers have tried hard to effectively reach students via ‚Äúonline learning,‚Äù but it‚Äôs a poor substitute. The vaccination of our teachers should be prioritized. https://t.co/ygKRLf06AC","Beaufort, South Carolina",senatortomdavis,4,15,2021-01-12 00:35:32
5ffde7245e4953000d99de2b,1.34872174722751E+018,"Device company receives FDA 510(k) clearance for #cryo nerve block therapy to include adolescent patients. 
https://t.co/tQfC6Vk7dD @AtriCure @UCSFStanfordPDC @PhxChildrens #pediatrics #fda",New York City,painmednews,0,3,2021-01-11 20:01:37
5ffde7245e4953000d99de2c,1.34872142132169E+018,"Have a student at home who's hungry for knowledge? Feed their mind with online tutoring with our expert instructors. All STEM subjects, ages K-12, available for individuals and groups! Contact us today to inquire:
https://t.co/znxXqu4Ymv
#STEMeducation https://t.co/Av7TA6gag7","2245 E. Colorado, Pasadena CA",STEMWorldLabs,0,0,2021-01-11 20:00:19
5ffde7245e4953000d99de2d,1.34871129555031E+018,"@Idontma48200911 @Loretta_Torrago @BernieDogs4 @jfeldman_epi @fattyMPH @tylerblack32 @Theresa_Chapple I just found it and the study showing that e-learning was superior was specific to med school students, so it's not really relevant to the K-12 setting, but the video also linked to this article. https://t.co/ftWRW2Nupx","Montgomery County, MD",mocoteachers,0,0,2021-01-11 19:20:05
5ffde7245e4953000d99de30,1.34868775510306E+018,How Online Teaching Needs to Improve‚ÄîEven After the Pandemic https://t.co/19QRhZhUOT in @educationweek | re report from @ArnettTom @ChristensenInst Breaking the mold: How a global pandemic unlocks innovation in (U.S.) K‚Äì12 instruction https://t.co/mnCaEYLWGT #edtech,dc (usa),trucano,1,0,2021-01-11 17:46:32
5ffde7245e4953000d99de32,1.34863936768685E+018,"UNESCO reports that 46% of the world is still left out of the online classroom in 2020. That includes over 12m K-12 children in the U.S. without connectivity at home. #5G not only helps reduce the homework gap, but makes learning more impactful. https://t.co/zJwoZfob7X",New York,edtech_elliott,1,0,2021-01-11 14:34:16
5ffde7245e4953000d99de36,1.34851988123124E+018,@B52Malmet I‚Äôm hoping to sign up to get vaccinated within the next two weeks so I can get back to work in school.  K-12 frontline workers are getting a bump on our local list.  There are few days to choose from and the registration begins afternoon online.,üå≤Northern Michigan,CAL_Dodd,0,1,2021-01-11 06:39:28
5ffde7245e4953000d99de38,1.34843593999614E+018,"Interested in tutoring this week? Free tutoring sessions are available online for grades K-12 to address a variety of student (&amp; parent) specific support needs. Visit https://t.co/HIIzIKuI96 then ""Online Tutoring Support"" to sign-up or click here directly: https://t.co/2LgOTw55qh https://t.co/m0nMHJSfxm","Derby, KS",DerbySchoolsKS,4,1,2021-01-11 01:05:55
5ffde7245e4953000d99de3b,1.34832246799197E+018,"Learn more about architecture and design from the comfort of your own home with free, live online Architecture at Home workshops led by Center for Architecture educators. Each 45-minute session is open to at-home learners, families, and youth ages 5+: https://t.co/sYMDubUQ70 https://t.co/eFBKlCFaeC","536 LaGuardia Place, New York",CenterForArch,2,2,2021-01-10 17:35:01
5ffde7245e4953000d99de3d,1.34810679332353E+018,Survey Finds Most U.S. And International Teachers Believe Online Learning Will Continue To Be A Major Component Of K-12 Education In Post-Pandemic Era https://t.co/8Dj4kXU6NH,"Flemington, New Jersey",willrich45,1,22,2021-01-10 03:18:00
5ffde7245e4953000d99de3e,1.34804800900792E+018,@ABC And is anyone surprised? You cannot get K-12 graders to take online school seriously. They practically have to teach themselves these days.,New York,GS7_89,0,6,2021-01-09 23:24:25
5ffde7245e4953000d99de40,1.34799901735616E+018,"K-12 online learning programs targeted by cyber attacks. Learn what they are looking for.
#ttecht #securelywiredtothecloud #cybersecurity #alwayslearning #datasecurity https://t.co/Vo0YvU1ygF","Ohio, USA",TTechT,3,5,2021-01-09 20:09:45
5ffde7245e4953000d99de4b,1.34763419092225E+018,"Students need the state to invest in public ed ‚Äî from child care, Pre-K- 12, to ensure Black, Latinx &amp; low income students receive a high quality education. Join us in person or online 1/12 for a teach in- speak out on why we must #TaxTheRich. 

Register: https://t.co/5zkjPYw3Sb https://t.co/oNEOAXuHoT",New York State,AQE_NY,4,3,2021-01-08 20:00:03
5ffde7245e4953000d99de4e,1.34760918810556E+018,"@ASU is hosting a FREE VIRTUAL EVENT for K-12 teachers around the world, Saturday, Jan. 9, from 9 a.m. -3 p.m. PST. This event will help teachers to deliver better online and blended learning experiences. Click here to register. 
https://t.co/h2aC1aHIQo #azhealthandliving https://t.co/4mALmtQw9f",Arizona,AzHealthLiving,0,1,2021-01-08 18:20:42
5ffde7245e4953000d99de53,1.34734627836837E+018,This is wonderful! Entrepreneur Makes History as Founder of One of the First Black Woman-Owned Online K-12 Virtual Schools - https://t.co/PN53F9r5d6,USA,thepnpagency,0,0,2021-01-08 00:55:59
5ffde7245e4953000d99de54,1.34731886382683E+018,"Calls: Celebration of Teaching 7th Annual Conference. Teaching Online in K-12: Best Practices, Challenges, and Perspectives: Call for Participation: The CoT February 2021 seeks 10-minute practical demo lessons addressing this year's theme - Teaching‚Ä¶ https://t.co/rMcORA0AYa","Bloomington, Indiana",linguistlist,0,0,2021-01-07 23:07:03
5ffde7245e4953000d99de55,1.34731246011042E+018,"Instead of having k-12 students toggling from in school learning to online learning, just let them watch 3 hours of tiktok everyday. They will so much more I guarantee it",Indie Anna,_cinnaJan_,0,3,2021-01-07 22:41:37
5ffde7245e4953000d99de56,1.34727735060247E+018,"The stock price of K-12 Inc, an online, for-profit school that pays teachers as gig workers who provide their own equipment, without benefits, rose by 30% when Betsy DeVos came in. This is a load of #GraniteCrock for so-called School Choice. Public money for public education!","Nashua, New Hampshire",tesha4,0,0,2021-01-07 20:22:06
5ffde7255e4953000d99de5e,1.34716856535137E+018,"With more students learning online, K-12 cyber education has become more important than ever. This is why we are developing cyber learning standards to ensure every K-12 student receives valuable cyber skills. Read more from @DA_magazine: https://t.co/ZWjy3AlnvS","Bossier City, Louisiana",cyber_dot_org,0,1,2021-01-07 13:09:49
5ffde7255e4953000d99de5f,1.34694522787806E+018,"Today, @PepsiCo announced its support of @caseysgenstore's month-long giving campaign to provide funding for projects at K-12 schools. $1 will be donated for every in-store or online purchase of a @LIFEWTR brand drink. Read more at https://t.co/FO7EB2DzAJ.","Des Moines, IA",IABev,1,3,2021-01-06 22:22:22
5ffde7255e4953000d99de60,1.346929163933E+018,"And who's to pay for educating teachers of K-12 how to teach properly online? Well they need to take a hint from colleges. ""You want me to teach online, then you pay for my time to learn and convert my class."" That's how colleges got their early pioneers to convert curriculum.","Orlando, FL",BestWorstOnline,0,1,2021-01-06 21:18:32
5ffde7255e4953000d99de62,1.34685580732178E+018,"‚Äú...been a remarkable shift in the attitude towards online as a mode for education &amp; learning. Not only students as end-users, but also schools, colleges, &amp; tuition centres are adopting tech-based learning solutions‚Äù https://t.co/CsQzTDL2Pe

üôå @febdonline

#edtech #LMS https://t.co/Gj6eZzFIvT","Metro Detroit, USA",mjcraw,0,1,2021-01-06 16:27:02
5ffde7255e4953000d99de65,1.34683491323707E+018,"Love when the community comes together to support one another! Education professors have provided tips for K-12!
#Education #support #tips #RemoteLearning
https://t.co/Vj3NBuOHtR https://t.co/CvoYghR5tf","Albuquerque, NM",satish_raichur,0,0,2021-01-06 15:04:00
5ffde7255e4953000d99de69,1.34661527125619E+018,"The incredible K-12 Online Teaching Academy from @sjsulurie is coming back! Mark your calendars to and be sure to RSVP! üìÜ ü§î
https://t.co/6keHyu49Dn","San Jose, California",SJSU,1,7,2021-01-06 00:31:14
5ffde7255e4953000d99de6e,1.34654950422961E+018,"Meaningful meeting with @wearelosd K-12 Admin team today, working on school-based implementation factors for the strategic plan, addressing the wellbeing of students &amp; staff for in-person &amp; online school &amp; a focus on cognitive flexibility as a very important skill for this era. https://t.co/NgO1ALMYH6","Lake Oswego, OR",DrLoradelaCruz1,0,4,2021-01-05 20:09:54
5ffde7255e4953000d99de71,1.34652953569365E+018,"The latest K-12 teachers anti online ed spin based entirely on ZOOM experiences says elearning widens the gap between literacy and education. 

Not true as the use of advanced immersive eLearning actually accelerates student learning, comprehension &amp; literacy 50%. vs. classroom.","Orlando, FL",BestWorstOnline,0,1,2021-01-05 18:50:33
5ffde7255e4953000d99de73,1.34652085959115E+018,"Listening to ""Driving K-12 Innovation"" discussion. wondering if any Teacher Ed programs have created ""methods"" courses that are specifically about methods for teaching online?

reply or msg me if you know of one!

#ShapingEDUwintergames @ShapingEDU #onlinelearning","California, USA",jgvanides,0,2,2021-01-05 18:16:04
5ffde7255e4953000d99de74,1.34650593377878E+018,All K-12 #educators! Applications are open for the Emancipation and Evolving American Identity 2021 summer online teacher‚Äôs institute. Learn more about these exciting opportunities and resources: https://t.co/FL2pgTzGQu #TeachEmancipation https://t.co/41dsdH1NpT,"Richmond, VA",ACWMuseum,3,8,2021-01-05 17:16:46
5ffde7255e4953000d99de75,1.34649844713908E+018,"To be called a Nazi, commie, socialist, t*rf, k*ke, any number of pejoratives online is common when disagreement devolves into mudslinging, but to claim people aren‚Äôt human is a terrible thing to do, much worse than ad hominem attacks. 9/12","Minneapolis, MN",CyQuilp,0,0,2021-01-05 16:47:01
5ffde7255e4953000d99de76,1.34649477242127E+018,K-12 Online Learning Reminder: SITE 2021 Proposals Due Jan.¬†29th https://t.co/Maq0V6GLM8,"Vallejo, CA",mkbtuc,0,0,2021-01-05 16:32:25
5ffde7255e4953000d99de78,1.34647376621844E+018,"@GKMcCabe @robinince Well I guess you would get a good grip on my opinion if I said I can‚Äôt and won‚Äôt condemn J.K.Rowling. However that does put me in the firing line. I don‚Äôt often debate online, I do like to discuss philosophical matters with my step daughter who is 12, friends and my husband tho.",Derbyshire,Charmaineej,0,2,2021-01-05 15:08:56
5ffde7255e4953000d99de7a,1.34634443676732E+018,"Teaching online is all about engagement. But how can we get Ss to participate when they won't even turn their camera on?

In this workshop, you'll learn the secret to motivating your students, in both live and online classrooms. (K-12)

https://t.co/6klLmM4EDv #onlinelearning","Virginia and New Jersey, USA",RoomToDiscover,0,0,2021-01-05 06:35:02
5ffde7265e4953000d99de7b,1.34865569120512E+018,"#SchoolChoice Poll: 

61% of Virginians support funding for parents' home/private/virtual education if K-12 public schools aren't open for in-person learning","Texas, USA",Tommy_USA,131,646,2021-01-11 15:39:08
5ffde7265e4953000d99de7d,1.34905457638579E+018,"Hey undergrad students, looking for ways to volunteer? The Noggin Educational Foundation is looking for virtual volunteers to work with students K-12. For questions and more information, contact Doneda Bailey: doneda@nogginfoundation.org https://t.co/fnpeFGF3UH","Fort Worth, Texas",TxWesCareerServ,0,0,2021-01-12 18:04:09
5ffde7265e4953000d99de7e,1.34903567483032E+018,"Learn more about #SpecialMusicSchool, our NYC K-12 public school that teaches music as a core subject, at a Virtual Open House for the K-8 program on Thursday, January 14 at 10 am. 
RSVP: https://t.co/9mm6OTNHZ7
About SMS: https://t.co/PRKGEE6fFH https://t.co/7t4k8zAdPa","New York, NY",KaufmanMusicNYC,0,0,2021-01-12 16:49:03
5ffde7265e4953000d99de7f,1.3490245207709E+018,"Still time to register your 8-12 year old for this month‚Äôs MG Book Club! We‚Äôre meeting 1/16 at 3CT on Zoom with guest author @diannesalerni to discuss ELEANOR, ALICE, AND THE ROOSEVELT GHOSTS! https://t.co/fMNnyZ3x0P","Houston, Texas",BrazosBookstore,2,4,2021-01-12 16:04:44
5ffde7265e4953000d99de80,1.34901026589609E+018,"Make sure to register for the Virtual Edu-Tech / Edu-Tech Academics on March 3rd. This event will bring together the heads of Technology and Curriculum &amp; Instruction from K-12 school districts. To register visit, https://t.co/aRQTEF2Icj
#education #technology #academics","New York, NY",Opal_Group,0,1,2021-01-12 15:08:05
5ffde7265e4953000d99de81,1.34900722688796E+018,"Human and Physical Geography of East Asia: A Virtual Seminar for K-12 Teachers in New England. Starts in February. Register early to secure your spot! https://t.co/2XIzPsOrDc
 #SocStudME #vted #edchatRI https://t.co/2uI0xbVtqX","Providence, RI",ChoicesProgram,0,0,2021-01-12 14:56:00
5ffde7265e4953000d99de82,1.34897819620574E+018,"K-12 teachers of English Language Learners - we want to hear from you! If you teach in a RULER school, consider joining our 1-hr virtual focus group this month to share your experiences of using RULER with diverse learners. Sign up here &gt;&gt; https://t.co/wDmzg4sP0J @drchriscip https://t.co/ANsmlWUhOr","New Haven, Connecticut",rulerapproach,0,1,2021-01-12 13:00:39
5ffde7265e4953000d99de83,1.34897819602958E+018,"K-12 teachers of English Language Learners - we want to hear from you! If you teach in a RULER school, consider joining our 1-hr virtual focus group this month to share your experiences of using RULER with diverse learners. Sign up here &gt;&gt; https://t.co/f7ODZdDrQ3 @drchriscip https://t.co/Hl1K8SCRcx",New Haven CT,YaleEmotion,1,3,2021-01-12 13:00:39
5ffde7265e4953000d99de86,1.34882183561446E+018,@L_D_Washington Honestly? I‚Äôm not giving my daughter‚Äôs school the chance to fail her again. I went with k-12 for virtual instead of whatever option ours was rolling out at the last min after classes started. She wants to stick with it the rest of her time (currently 6th grade),SW Missouri near Springfield,Aerdrie,3,14,2021-01-12 02:39:20
5ffde7265e4953000d99de87,1.34881235161364E+018,"Hey! Did you know the LIRR‚Äôs T.R.A.C.K.S. Program has FREE virtual railroad safety classes for kids grade K-8? Register your child for classes starting tomorrow, Tuesday, January 12 at 9:30 AM. Check out the T.R.A.C.K.S. page at https://t.co/ElKD6jvTwM for details and to sign up! https://t.co/fxh8Tcovfu",New York,LIRR,0,6,2021-01-12 02:01:39
5ffde7265e4953000d99de89,1.3487455568527E+018,"While our K-12 grade students have been in virtual school during the 1st semester, our preschool program has been running in-person since September, with safety, learning, &amp; fun in mind. See a clip of a day-in-the-life of our preschool students (ages 3&amp;4) during the school year. https://t.co/QhPzQQmBmq","Sandy Spring, Maryland",ssfs_springers,0,2,2021-01-11 21:36:13
5ffde7265e4953000d99de8a,1.34873284519214E+018,"Virtual Book Buddy - Tuesday, January 12, 4:30 pm - Kids in grades K-2 can join Miss Pam from our Fairlawn-Bath Branch as she reads picture books and early reader chapter books aloud. Register to receive a Zoom link: https://t.co/VqNYbPzGr7 https://t.co/k2W1EnKj7i","Akron, Ohio",akronlibrary,3,3,2021-01-11 20:45:43
5ffde7265e4953000d99de8b,1.34871657503833E+018,@SinaGebreAb Thank you! I know they enjoyed speaking with you and we did too. Thanks for sharing them and our no cost K-12 #inventioneducation program and virtual celebration Invent on Ohio #Kidinventors,"Ohio, USA",InventionLeague,0,0,2021-01-11 19:41:04
5ffde7265e4953000d99de8d,1.3486353892135E+018,@LonelyCabbie84 @GovernorVA @LoudounSchools You should absolutely have a choice as should I. As an aside virtual has always been an option even pre C19 it‚Äôs called virtual Virginia / K 12. You can keep your kids home as long as you wish.,"Ashburn, Virginia",suburbanitonup,0,0,2021-01-11 14:18:27
5ffde7265e4953000d99de8e,1.34862376784989E+018,"We want to determine INTEREST in a virtual learning option for 2021-22 SY &amp; beyond. Click the link below to take a survey. Results will determine if enough interest exists to offer to grades K-12. This is not a firm commitment! Survey closes January 25.
https://t.co/JK67tu0sRT","Fairfield, Ohio",FCSDNews,1,0,2021-01-11 13:32:17
5ffde7265e4953000d99de91,1.34843459047466E+018,"We have partnered with the fabulous @NorthropUMN to create a lesson around the concept of mercy for an amazing dance performance by Ronald K. Brown. Check out this virtual field trip for grades 5 - 12.

https://t.co/mAoe2lKhus","Minneapolis, MN",umn_RampUp,3,0,2021-01-11 01:00:33
5ffde7265e4953000d99de93,1.3483035685001E+018,"The Earth Science graduate students at Ohio State are looking for feedback from parents and teachers of K-12 students to gauge interest in virtual lessons and activities about all things earth science-related.

https://t.co/AETaMTMzX4 https://t.co/mMgmCavvbk","Columbus, OH",osuearthscience,0,1,2021-01-10 16:19:55
5ffde7265e4953000d99de94,1.34829984491859E+018,"Enrollment in Idaho‚Äôs K-12 public schools is down by nearly 3,200 students from last school year, despite unprecedented growth at virtual schools. https://t.co/93x4jgF91L","Twin Falls, Idaho",twinfallstn,0,0,2021-01-10 16:05:07
5ffde7265e4953000d99de96,1.34810226743877E+018,"Calling all young artists in grades K-12! @PhxLibrary is hosting a virtual art exhibit in FEB 2021 to celebrate Black History Month. Kids are invited to participate. Entry deadline is 5 pm, FRI, 1/22/2021. Learn how to submit art &amp; more: https://t.co/3W1OllQW4O #BHM #Voices #Art https://t.co/lscu8IoJQu","Phoenix, Arizona",PhxLibrary,2,3,2021-01-10 03:00:01
5ffde7265e4953000d99de97,1.34800940699111E+018,Best Practices for Video Communications in K-12 Recording: https://t.co/dZXTHfXj1l Join Zoom and CILC for a discussion on how schools across the country are using video communications to enrich student learning with interactive virtual content. https://t.co/7F3Ds7BzhM,"Mankato, MN",cilcorg,0,0,2021-01-09 20:51:02
5ffde7265e4953000d99de9a,1.34773687436282E+018,"CDC K-12 School Metrics informed local school board's decision to close buildings until at least Jan. 15; data shows similar ""highest"" risk of school transmission for all counties in Culpeper health district. https://t.co/frMQyvqpwu","Virginia, USA",CulpeperSE,0,0,2021-01-09 02:48:05
5ffde7265e4953000d99de9c,1.34762365940655E+018,"Learn more about #SpecialMusicSchool, our NYC K-12 public school that teaches music as a core subject, at a Virtual Open House for the K-8 program on Thursday, January 14 at 10 am.
RSVP: https://t.co/9mm6OTNHZ7
About SMS: https://t.co/PRKGEE6fFH https://t.co/7tPlnSrFUm","New York, NY",KaufmanMusicNYC,1,5,2021-01-08 19:18:12
5ffde7265e4953000d99de9f,1.34759019166246E+018,"Hear from two K-12 coaches about ‚ÄúVirtual Coaching‚Äù on the inaugural episode of the Ayers Institute‚Äôs ‚ÄúSpotlight‚Äù podcast. Instructional coaching is making a difference for teachers &amp; schools, even while adapting to ‚Äòvirtual‚Äô delivery methods.  https://t.co/71X86DK5yg","Nashville, Tennessee",ayersinstitute,0,0,2021-01-08 17:05:13
5ffde7265e4953000d99dea3,1.34753938910317E+018,"this is an African-centered school in Brooklyn, NY from K-12. They also have a virtual learning option for those outside of Brooklyn. https://t.co/9GbNqrRbmo",Captured Land,AfroN8V,3,5,2021-01-08 13:43:21
5ffde7265e4953000d99dea5,1.3474603974236E+018,"Now that we have the UK B117 strain of #coronavirus via community spread in mult US states, we need to be investing in robust virtual learning for K-12 schools. We‚Äôre going to be at this #pandemic awhile. We can‚Äôt afford for üá∫üá∏ kids to lose yrs of ed.  #teachertwitter #COVID19 https://t.co/aMEUGHPgiN","Maryland, USA",tmprowell,11,30,2021-01-08 08:29:28
5ffde7265e4953000d99dea6,1.34738832703771E+018,@allingameyo @BORUSG This so totally sucks. It's scary that I trust my kid's public K-12 district to make appropriate safety decisions more than USG (CCSD just announced they are staying virtual until it's safer). Grateful for my ADA accommodation.,"Georgia, USA",Eronusis,0,1,2021-01-08 03:43:05
5ffde7265e4953000d99dea8,1.34730405910812E+018,"""Strive for College, which provides a virtual mentoring platform for underserved high school students aspiring to attend college, is in the process of sealing five more corporate partnerships, which would bring its total to 17."" Read more here: https://t.co/36tFe0PjQh  @Strive4C",USA,Strive4C,0,0,2021-01-07 22:08:14
5ffde7265e4953000d99deae,1.34689720784529E+018,"Data Show U.S. Schools at Peak Virtual Mode, Gearing Up for In-Person Learning: According to community events data service Burbio, 53.4% of U.S. K-12 students are now learning remotely. Many schools that are virtual-only now are planning to shift back to‚Ä¶ https://t.co/Y5BdByEGWj https://t.co/uHXPlcULCc","Torrance, California",SchoolBusFleet,0,1,2021-01-06 19:11:33
5ffde7265e4953000d99deb1,1.34688402918273E+018,"HAPPENING NOW: the @INHouseGOP and @inhsedems are discussing HB 1003, which will clarify the definition of ""virtual instruction"". This bill was authored by Rep. Harold Slager to prevent K-12 funding cuts because of virtual learning.","Fort Wayne, Indiana ",BreBrownleeTV,3,1,2021-01-06 18:19:11
5ffde7265e4953000d99deb3,1.34687078945121E+018,"@leslywritesalot @SkidonenkoForTX Like reliable wifi for virtual learners, too!  HUGE issue/problem in 2020 for K-12 and college students.","Texas, USA",KVD4gunsense,0,1,2021-01-06 17:26:34
5ffde7265e4953000d99deb5,1.3468643268257E+018,"#WorkforceWednesday The #STEM4Innovation Conference for K-12 Education has gone virtual January 11-12, 2021! Registration is free! Learn more: https://t.co/XWmUYxqQHG @SparkTAMU https://t.co/nICdAPHrNu","College Station, Texas",TAMU_NatLabs,2,3,2021-01-06 17:00:53
5ffde7265e4953000d99deb9,1.34659233659632E+018,"Based on current data provided by the State of Pennsylvania concerning COVID 19 transmission rates, WASD will remain in K-12 virtual learning through Friday, January 29, 2020.","New Wilmington, PA",WilmingtonSD,0,0,2021-01-05 23:00:06
5ffde7265e4953000d99debb,1.34656531284668E+018,@pearsonwwp and @SusanTotaro talk to NJ math educators about global competencies in mathematics grades K-12 in our virtual PD session this afternoon @RussoMarkF @AndreaBean6 @LenaKomitas @DiannaNJMathEdu @kerrigan_john https://t.co/1y668nBU9B,"New Jersey, USA",amtnj,3,6,2021-01-05 21:12:43
5ffde7265e4953000d99debc,1.34652262031392E+018,"Teachers, do you miss us as much as we miss seeing you? Plan a virtual field trip today! With synchronous and asynchronous lessons available for K-12 students, your class can still visit MiSci this school year. Head to our website https://t.co/Q7Mv0mwx1x for more information.",Detroit,mi_sci,2,1,2021-01-05 18:23:04
5ffde7265e4953000d99debe,1.34651506255983E+018,"Hosting lunch bunch every week is so fun, especially when we‚Äôre all virtual! They always pick to play @GetKahoot Today we played National Geographic themed Kahoots! @LHECMES lunch bunch times: Tuesday‚Äôs K-2nd Thursday‚Äôs 3rd-5th From 12:15-12:45! Email me for the class code! https://t.co/QPu8QghsXO","Cary, NC",MsB_counselor,0,7,2021-01-05 17:53:02
5ffde7265e4953000d99debf,1.34648938348302E+018,"We are distributing pro athlete / Olympian self-made, motivational fitness videos (tips) to K-12 students that are in virtual school and missing out on key physical activities. If you have clients or colleagues interested to help and make one - pls DM me. More the merrier!","Arlington, VA",david_schwab,3,5,2021-01-05 16:11:00
5ffde7265e4953000d99dec0,1.34644687409456E+018,@WMG_Support Hi! I was wondering if I could get any info on when I‚Äôm supposed to receive my merch in the mail. I got it with the After School VIP Package from the Can‚Äôt Wait To Get Out Of K-12 Melanie Martinez Virtual Concert. I just want my tracking information. Pls Contact Meüò≠,"New Jersey, USA",ARCTICARG627,0,4,2021-01-05 13:22:05
5ffde7265e4953000d99dec4,1.34644153563476E+018,"In the US, as of Jan 4:  
53.4% of K-12 students attending ""virtual-only"" schools 
 31.7%  attending ""traditional"" In-person/every day"" schools 
14.9% attending ""hybrid"" schools
via @BurbioCalendar K-12 School Opening Tracker https://t.co/mruFxPIqpa 
 #remotelearning https://t.co/6HCJejU5TR","New York, NY",intl_ed_news,0,2,2021-01-05 13:00:52
5ffde7275e4953000d99decf,1.3480796118008E+018,"K-12 teachers in Ohio could begin receiving the COVID-19 vaccine as early as Feb. 1, provided their districts agree to return to in-person or hybrid learning by March 1.

https://t.co/N8uCfjJlRJ","Cincinnati, Ohio",WCPO,0,5,2021-01-10 01:30:00
5ffde7275e4953000d99ded7,1.34665807662409E+018,"@NAEmmanuele I hear ya! Came home and our super sent an email saying we have 11 individuals who have either tested positive, are presumed positive, and/or are symptomatic. But because those happened over break we're not changing course (k-6 f2f, 7-12 2-day fully synchronous hybrid).","Pennsylvania, USA",SarahMBond,0,1,2021-01-06 03:21:19
5ffde72a5e4953000d99df21,1.34900510831564E+018,Indiana is requiring many of its teachers to continue to teach in school without putting them higher up on the vaccine list. We're failing them. Baffling. https://t.co/9vh95vOz3W,"Indianapolis, Indiana",adamwren,83,221,2021-01-12 14:47:35
5ffde72a5e4953000d99df22,1.34882714686162E+018,"If you come to God‚Äôs Word trying to teach to it, you‚Äôll never appreciate what you can learn from it.

My convocation to the graduating class of @JakesDivinity School is available at https://t.co/6TB6JThmtn today. https://t.co/T77swXtzOD","Dallas, Texas",BishopJakes,64,464,2021-01-12 03:00:26
5ffde72a5e4953000d99df26,1.34905476007535E+018,No more will I lead a school that doesn‚Äôt not equip parents with what they need to do right by their children. Even if this means revealing our skeletons. Parent power and agency all year. Looking to connect with @EmpowerEDFamIN @IndianaStand @WeArePPM @NationalParents https://t.co/KWrIEnCMVA,"Indianapolis, IN",MrMcGuire_Teach,0,2,2021-01-12 18:04:53
5ffde72a5e4953000d99df27,1.34905460256665E+018,"@DrSurvivor Such an influence! I swore I'd never teach, especially high school. But, here I am.
That said, my mom had a scholarship to FAMU to play clarinet, but got pregnant, married, and stayed home. She was the constant ""there are HBCU's"" in my ear...thank goodness!","Kansas City, MO",Iceman_0693,0,1,2021-01-12 18:04:16
5ffde72a5e4953000d99df31,1.34905067481904E+018,Wait santana is actually the name of a lady in a poem they teach us in school,Minor,J1N_K1NG,0,1,2021-01-12 17:48:39
5ffde72a5e4953000d99df32,1.34905055926596E+018,Sarah Sanders: Former Trump spokesperson gets lectured on First Amendment by her old high school teacher https://t.co/em9kvp6RQh via @Yahoo It's a miracle that you survived high school. IN SPITE of what they tried to teach you. Good Luck Gov.üòä,Florida,ElDuce44507562,0,0,2021-01-12 17:48:12
5ffde72a5e4953000d99df33,1.34905032570614E+018,"Rather than starting with the solution, students should first be taught to research and investigate the problem. https://t.co/QeqYbmiEOI","Washington, D.C.",mygreenschools,0,0,2021-01-12 17:47:16
5ffde72a5e4953000d99df35,1.34904992240287E+018,"@ProfessorCrunk Students likely do not learn to address or even write formal letters in elementary school anymore, much like the death of script. I wonder how much that also becomes an issue of class and privilege--having white collar parents who teach you &amp; pass down work place etiquette.","Washington, DC",Norrellexplains,0,2,2021-01-12 17:45:40
5ffde72a5e4953000d99df36,1.3490499134564E+018,"@fourantifakids him being a socialist, his refusal to condemn riots when he was in Birmingham jail, his death, and historical context. One of the biggest things that school failed to teach me was about other black revolutionary leaders. We talk about MLK but not X or Hampton etc","Minnesota, USA",UnstableFemboy,0,5,2021-01-12 17:45:38
5ffde72a5e4953000d99df37,1.34904981151384E+018,Palm Beach school district need to start holding their employees accountable when they don't teach required classes. You can't opt out of math so why did Latson allow students to opt out of required Holocaust education? Terminate Latsons teaching license.,"Miami, FL",BSzlamkowicz,0,0,2021-01-12 17:45:13
5ffde72a5e4953000d99df38,1.3490487221902E+018,@Cmelan_Ziie Find her affordable extra classes or a tutor that can help her were public school is lacking to teach her,Azania,MbelePika,0,2,2021-01-12 17:40:54
5ffde72a5e4953000d99df39,1.34904866070997E+018,"This semester in school, I have to teach myself everything. Like ugh! ü§¶üèª‚Äç‚ôÄÔ∏è",California ‚ù§Ô∏è,BiebGomezSwifti,0,0,2021-01-12 17:40:39
5ffde72a5e4953000d99df3d,1.34904675408432E+018,"@bkhumberd in what school does he have the luxury of being 6ft apart?  In PA you only need to be 3ft apart in schools.  Being a teacher, I can also Imagine this is the teachers rule at this point in the year as to stop repeating the same thing and same discipline issues.  talk to the teach",USA,EchoAleYeah,0,0,2021-01-12 17:33:04
5ffde72a5e4953000d99df3f,1.34904611340019E+018,"@AmandavMulligen My 12 yr old needs minimal supervision, but SO works from home to help. He's virtual, but I constantly go over assignments / courses with him when I get home. Advantage: I teach middle school curriculum, which he does now.","Florida, USA",beketchai,0,0,2021-01-12 17:30:32
5ffde72a5e4953000d99df41,1.34904560588103E+018,@Mr_Ankrum I am retired but still substitute teach.  Every teacher I have talked with wants to be in school working with kids.  Teachers want to be safe and have a responsibility to their own family as well as their students . Unions are trying their best to navigate this pandemic as well.,"Kansas City, MO",CraigVanbebber,1,1,2021-01-12 17:28:31
5ffde72a5e4953000d99df44,1.34866124152761E+018,"Despite the pandemic- with school attendance rates dropping all across the country- Teach 360 students stayed strong and maintained a stellar 91.3% attendance rate throughout the year. We are so proud of their commitment and hard work!
#Amaanah #Houston #Refugees #NewAmericans https://t.co/b94WsA4J77","Texas, USA",AmaanahServices,0,0,2021-01-11 16:01:11
5ffde72a5e4953000d99df47,1.34865775302852E+018,"We are proud to share our founder's insights.  

At After-School All-Stars NY, we work every day to keep our students safe and health AND to teach them how to use their voice to protect their future. https://t.co/SPqyfbBATj",New York,ASASNewYork,0,0,2021-01-11 15:47:19
5ffde72a5e4953000d99df4e,1.3486550828464E+018,"@BeschlossDC @DrGJackBrown Overseas, the Armed Force‚Äôs Network (AFN) broadcasts ‚ÄúAmerica History‚Äù instead of the usual ‚Äúproduct commercials‚Äù. I always thought that THIS is what the US needed to do to teach our citizens.  We cld also make ‚ÄúSchool House Rock‚Äù mandatory viewingüôÑ. Ignorance is killing us!",Las Vegas,riversl706,0,1,2021-01-11 15:36:43
5ffde72a5e4953000d99df4f,1.34865501451707E+018,"@EMBuddy We have been going in person all year. I teach at a small, private school so it hasn‚Äôt been too bad. Unfortunately our town is in a HUGE outbreak right now where to positivity rate is close to 40%. All the public schools around are virtual.",Georgia,kmlewis1980,0,0,2021-01-11 15:36:26
5ffde72a5e4953000d99df51,1.34865426342629E+018,YES I CAN because I teach virtual school in a two bedroom Manhattan apartment and most families I know do this! Completely tone deaf. That‚Äôs going to be a no from me. https://t.co/tNtlJtFb3c,New York City,SJWhipp,0,1,2021-01-11 15:33:27
5ffde72a5e4953000d99df59,1.34865004293305E+018,"@JoeDellaGatta Still expecting the school corp to push that back today or tomorrow. They‚Äôve had 27 days in person this year. üò©

I teach my own college courses starting Next Tuesday. Half of each class in the (bigger than usual) classroom once each week, the rest online, even office hours.","Indianapolis, IN",_AndrewScott,0,1,2021-01-11 15:16:41
5ffde72b5e4953000d99df5a,1.34864739880189E+018,@MarcShimo @sublimejah @juliettekayyem I never ventured to teach hs. I quit after being forcibly transferred to a  middle school. Seeing the AP on the way to break up a knife fight between two groups of 14 yr old girls was my canary in the proverbial coal mine.,Right behind you.,artisanunknown,0,2,2021-01-11 15:06:11
5ffde72b5e4953000d99df5d,1.34864469414269E+018,@NewsHourExtra @MOREcaucusUFT I would be very cautious about using this ‚Äúdata‚Äù at face value and insinuating that remote learning is better for anyone except school staff who are currently getting vaccinated and still do not want to return to teach their students in-person.,"Massachusetts, USA",AlexisKat6,0,0,2021-01-11 14:55:26
5ffde72b5e4953000d99df6b,1.34863661974257E+018,"The excuse I was given re: home school or lack there of...

Teachers don't have time to teach, they have to assess now too..............

I can't man lol.",Mordor,KymScally,0,1,2021-01-11 14:23:21
5ffde72b5e4953000d99df77,1.34862726287094E+018,@CTrevorNelson Glad I signed up last night. All the teachers who want to get vaccinated are trying to sign on and are greeted by another limp response from @dougducey. We have school to teach!,AZ,marnizarr,0,0,2021-01-11 13:46:10
5ffde72b5e4953000d99df7a,1.34862588389715E+018,"@TeacherLingua I am sorry. It is so hard to teach like that,  can't imagine w/high school. Huggs.
I am all online with possibilities of f2f studio later in semester if safe. But classes canceled today, 1st day, because campus network down since Saturday. https://t.co/ZfYj6JCdWl",USA,jjenna,0,1,2021-01-11 13:40:41
5ffde72b5e4953000d99df7b,1.34862530850163E+018,"The principal of my son's elementary school just told them that just because we don't get our way we can act inappropriately. Maybe she needs to teach ""Q"" and the Proudboys the same lesson.  #ArrestThemAllNow #25thAmendmentNow #ImpeachTrumpNow","Kentucky, USA",ScottHammer,0,1,2021-01-11 13:38:24
5ffde72b5e4953000d99df7c,1.34862504309863E+018,"@SJDJ @garydanewhite @leetramp @MsA_Physics @cossettej @RVieyraAEF @BarnettDreyfuss They are a friendly group!  Plus, I teach a section of HS physics at a local high school. I went to listen more than talk. There was a lot of good discussion",Oklahoma,SteveMaier_,0,1,2021-01-11 13:37:21
5ffde72c5e4953000d99df88,1.34861088427756E+018,"It is exhausting feeling like I'm supposed to just do my normal job and teach middle school kids, while also feeling like I need to do something to prevent another attack on my country. Wondering whether elected officials and those who can protect us will do their jobs.","Wayne, ME",aldtucker,1,1,2021-01-11 12:41:05
5ffde72c5e4953000d99df89,1.34861074222907E+018,"@JeremyVineOn5 My children‚Äôs school have been amazing! I can‚Äôt fault them. I can‚Äôt even turn my camera on zoom, yet teachers have to teach classes with parents too.",Warrington,shelleycatz,0,0,2021-01-11 12:40:31
5ffde72c5e4953000d99df97,1.3485983073088E+018,"@money_teach My school is allowing teachers to start virtual clubs. It‚Äôs not the same as coaching a sport, but can provide an extra income opportunity. Also, if you really aren‚Äôt feeling the extra job right now, maybe that‚Äôs just not what you should be doing right now..","New York, NY",sense_w_cents,0,3,2021-01-11 11:51:06
5ffde72e5e4953000d99dfdc,1.34850419994059E+018,"@VinGuptaMD Yes. I‚Äôve been afraid for my niece. She is a daycare coordinator for the school district and as been in the classroom watching teachers kids, so they can teach their class!!! I guess her life doesn‚Äôt count.","California, USA",bettejf,0,1,2021-01-11 05:37:09
5ffde72e5e4953000d99dfe0,1.34849470302568E+018,"@VinGuptaMD I wish someone would listen to you about this, Doc. My son &amp; his wife
teach at a regional high school every day...no hybrid.Never close despite so many w/Covid one case at a time &amp; in NJ must have caught it on site to close. BOE &amp; parents happy! Distressing. Be safe.Blessings. üôè","New Jersey, USA",NennoEllen,1,15,2021-01-11 04:59:25
5ffde72f5e4953000d99e000,1.34846332602463E+018,"Bc I honestly don‚Äôt see the point in going to the school, daily, just to teach from my computer while trying to maintain my 2 year old daughter and my two school aged children, who are also virtually learning. I‚Äôve done that before, it‚Äôs damn near impossible .","Albany, GA",_TiaAudreana,0,0,2021-01-11 02:54:44
5ffde72f5e4953000d99e00c,1.34845091422346E+018,"@AustinISD Our city‚Äôs hospitals are overflowing. Cancel school, @AustinISD! If even one family is in an accident from the dangerous weather conditions, how will they receive adequate treatment? If a teacher is injured, who will teach their students with the sub shortage? Cancel now. Please.","Austin, Texas (sometimes üá¨üáß)",AmberElby,2,60,2021-01-11 02:05:25
5ffde7305e4953000d99e015,1.34844309958082E+018,"@nityanayar @AustinISD The roads are going to be icy in the morning and teachers are required for the most part to teach in school, not virtually. They deserve to have their safety taken into consideration. So do the children who attend in-person learning and ride the bus without seatbelts.",texas,emojen405,0,16,2021-01-11 01:34:22
5ffde7305e4953000d99e01f,1.34843747600898E+018,"Tomorrow I have to go back into the school building for my full work day and teach my (all remote) students from my classroom. I‚Äôm not very upset about it, but I have enjoyed the opportunity to work from home recently. I‚Äôm way more productive at home during my non-teaching hours.",IL,jbrtva,0,3,2021-01-11 01:12:01
5ffde7305e4953000d99e023,1.34843671483499E+018,"The need for more educators in Connecticut‚Äôs K-12 classrooms grew this school year as the pandemic created new challenges. 

Dozens of educators said they did not feel safe returning to a school building and requested they be allowed to teach remotely. 

https://t.co/iEeynTcL4R",Connecticut,CTMirror,1,3,2021-01-11 01:09:00
5ffde7305e4953000d99e029,1.34843100290609E+018,"""The union has said that no teacher should be required to teach in person until all school employees have had the opportunity to get vaccinated, or until the city‚Äôs positivity rate falls to 3 percent and its rate of new cases falls below 400 per day.""","Washington, DC",DeAngelisCorey,10,26,2021-01-11 00:46:18
5ffde7305e4953000d99e032,1.34842375277898E+018,"@Rachel67893383 @DrBradJohnson I'm not understanding your comments. I'm not asking the school to pay for my electric bill, I do think a laptop should be provided whether or not Ts are virtual. I teach the Ss who chose to be all virtual. We still have in person options too I just don't teach those sections","Mansfield, TX",TashmanEdu,0,0,2021-01-11 00:17:29
5ffde7305e4953000d99e03b,1.34841342986689E+018,@OUSD_Parents @GavinNewsom Wow. Wow. I want every one of the teachers who get vaxxed before the elderly to look our kids in the eye and tell them why they refuse to teach them at school. And then go to a nursing home to tell those folks how they deserve it more than a 75+ who‚Äôs been patiently waiting.,"Oregon, USA",PNW_working_mom,4,24,2021-01-10 23:36:28
5ffde7305e4953000d99e040,1.34840896183857E+018,"@Rapheeky @chrisspaces @christian_ebon @bdez__ @whatwenotgondo @_as1ya Healthcare workers are positions where technical abilities are just as important as emotional intelligence and compassion. You may feel PERSONALLY that you don't give them the same relevance, but there isn't a single medical school in the country that would teach otherwise.","Orlando, FL",ReggieDAES,0,0,2021-01-10 23:18:43
5ffde7305e4953000d99e041,1.3484070265657E+018,"@Principal4GT Mrs. Reeda Butler my Alg2/Trig teacher at Bayside High School told me the words that changed my life, ‚ÄúYou are going to fail my class‚Äù.  I my first nine weeks grade was a B, because she helped me everyday after school. Years later, I had the honor to teach her grandson.","Virginia Beach, Va",l_pinner,0,0,2021-01-10 23:11:01
5ffde7315e4953000d99e046,1.34840443042989E+018,"Policies confirmed Friday, the day before yesterday, have been changed for Newport High School. Now teachers have to teach simultaneously in person AND virtual in the morning, and then continue to work from their classrooms in the afternoon, needlessly adding covid risk.","Covington via Floyd County, KY",KYCara,0,1,2021-01-10 23:00:43
5ffde7315e4953000d99e04a,1.34840425454166E+018,"School Of Life: Right now, many kids aren't in their classrooms ‚Äî but there is so much to learn outside of school as well. This hour, TED speakers explore life lessons that teach us far more than any textbook. Listen tonight at 7pm https://t.co/Jo2QjaOlZT https://t.co/Pj8H0kBdQA","Montr√©al, Qu√©bec",CJAD800,0,2,2021-01-10 23:00:01
5ffde7315e4953000d99e07c,1.3483630714383E+018,"As a teacher from one of the LAST remaining school districts that are in-person, I feel like a villain by wanting to stand up for SAFETY. I keep hearing, ‚Äúwe don‚Äôt want to close schools.‚Äù That‚Äôs not what teachers want either!!  We want to teach remotely during a pandemic.","Waddell, AZ",L2Gura,0,10,2021-01-10 20:16:22
5ffde7325e4953000d99e084,1.34835671793595E+018,"@awesty73 @jdubbs1969 @RobSchneider So if the teachers are getting sick, who is going to teach the kids? Retired teachers who have made up most of the substitute teaching force and risking their lives by subbing right now.

https://t.co/cYkLXWTp2v",California,PJZive,0,0,2021-01-10 19:51:07
5ffde7335e4953000d99e09d,1.34833062173154E+018,We're spending this Sunday preparing kits for our students at the Detroit School of Arts to use to create set models for #romeoandjuliet. These items will be mailed. We take a holistic approach to the way we teach theater. This includes design and innovation. #ShakespeareSTEAM https://t.co/ew2MjEm2lk,"Detroit, MI",ShakesintheD,1,2,2021-01-10 18:07:25
5ffde7345e4953000d99e0c3,1.34830162084978E+018,Thinking of my colleagues who teach elementary school and are about to return to full in-person learning tomorrow in the midst of a pandemic and with no access to the vaccine yet.,"Centennial, Colorado, USA",VOnodera,0,9,2021-01-10 16:12:11
5ffde7405e4953000d99e299,1.34776713676936E+018,@SpencerJCox Does teachers just refer to school teachers? I‚Äôm a dance teacher in Utah and teach 40+ kids.,"Utah, USA",itsbrooooklyn,0,0,2021-01-09 04:48:20
5ffde7425e4953000d99e2ee,1.34769806865782E+018,"@RStation33 Thanks. My kid‚Äôs school@has returned to only virtual learning, so I‚Äôve petitioned to teach remotely. Many staff and faculty won‚Äôt be given that option.","Phoenix, Arizona",moustique33,0,0,2021-01-09 00:13:53
5ffde7425e4953000d99e2f2,1.34769275153457E+018,"@FapeMomAdv @angrybklynmom The one benefit of remote for us is that I saw the failure of the school to teach my daughter w special needs.During remote I researched &amp; was able to work hard &amp; bring her to grade level on my own. Without remote to observe her I never would have known her potential.However, 1/2","Manhattan, NY",NYC_stateofmind,0,2,2021-01-08 23:52:45
5ffde7425e4953000d99e2f3,1.34769270101842E+018,@lindahaslett @Sflecce Tuesday a few teachers came into my school to teach because their home Internet is spotty... and the Internet went down in the building. A wiring issue that took until the next day to fix.,"Richmond Hill, ON",eet_cake,0,0,2021-01-08 23:52:33
5ffde7425e4953000d99e2f4,1.34769208506801E+018,@MarkChangizi Ill come in and teach! I have offered to volunteer and my kids‚Äô hybrid school. I work in healthcare and know the risks.  I will do it.  Time to get other teachers who will do it,"California, USA",onlyrationalth1,0,2,2021-01-08 23:50:06
5ffde7455e4953000d99e36f,1.34761139997188E+018,"Teachers in @CherokeeSchools are still expected to report to school to teach digitally, and apparently if they have children they can bring them to work under constant supervision. https://t.co/SbqsEDocOe","Atlanta, Georgia, USA",Jamie1km,0,1,2021-01-08 18:29:29
5ffde7455e4953000d99e375,1.34760811404086E+018,"So Chicago public schools, who has an enrollment of 340,658, is back to in person school and any teacher who does not teach in person by Monday is getting fired. But #FCPS buildings remain closed. @Ts4OpenSchools @FcpsOpen","Virginia, USA",MJGood4three,1,13,2021-01-08 18:16:26
5ffde7465e4953000d99e3a2,1.34758734125537E+018,@Travisdhanraj @fordnation @Sflecce We have students that cannot do online learning due to vision and mobility issues ( to name but 2). These Ss need to be in school for sure. Problem is teachers like myself who teach all classes will need to be in school and virtual. It's disorganized beyond belief.,Innisfil. ON,DoCoRuMFC,0,1,2021-01-08 16:53:53
5ffde74b5e4953000d99e43b,1.34743347091469E+018,"Are you new to remote teaching? 

Last year I found ‚Äòshow and tell‚Äô breaks where kids introduced pets was helpful for everyone‚Äôs stress levels. (Busiest day was 2üê∂ 3üê± and 1 üê¢) I still ask about taco the üê∂

(I teach high school...)
#remotelearning #onlinelearning #YouCanDoIt",New York City,MsDowdSci,1,19,2021-01-08 06:42:28
5ffde74d5e4953000d99e4aa,1.34735030811705E+018,Helping teach high school kids on zoom. Had to stay quiet the whole time. https://t.co/MPeNQrWmp3,calif‚òÄÔ∏èrnia,_heythereamanda,0,1,2021-01-08 01:12:00
5ffde76c5e4953000d99e8ec,1.34655200667296E+018,"As many of you know, I teach at a school here in Utah. It‚Äôs officially our turn to get the Covid-19 vaccine. Which brings me my question...Are you planning on getting the vaccine once it‚Äôs available to YOU?","Park City, UT",imthatnikki,0,0,2021-01-05 20:19:50
5ffde76d5e4953000d99e903,1.34653967198002E+018,@Suntimes I support every teacher that values living long enough to get vaccinated within the next few months and can then teach for many years. Delayed learning is ok. I missed most of 4th grade while homeless and went on to work at a college. You can catch up school as long you live.,"Milwaukee, WI",MilwaukeeForev1,0,0,2021-01-05 19:30:49
5ffde76d5e4953000d99e90a,1.34653477468552E+018,To move our whole school timetable online in order to teach over 1200 students remotely today for the very first time was an amazing achievement. Well done Chase Teamüëèüèª,"Malvern, Worcs",raggedstone68,0,1,2021-01-05 19:11:22
5ffde76d5e4953000d99e90d,1.34653281711577E+018,"@CTULocal1 It‚Äôs pretty direspeful to say you care about children‚Äôs education when you refuse to go into school and teach in person, but are fine with teachers traveling all over the world. It just proves you really don‚Äôt care about the kids #FireSarah #VouchersWork","Indianapolis, IN",TingyWingy,0,2,2021-01-05 19:03:35
5ffde7765e4953000d99ea0e,1.34643905842008E+018,Months of online learning forced educators to find new ways to teach engineering‚Äîand those new ways might become our new normal. https://t.co/DQ6QjQns3B https://t.co/9a974ykrx7,"New York, USA",ASMEdotorg,2,2,2021-01-05 12:51:01
5ffde77b5e4953000d99eaa5,1.34661789278006E+018,"@FinancialTimes @IsabelBerwick Asynchronous Learning: something that is done to children in virtual education that suits the education establishment, and the union‚Äôs schedule, rather than a child‚Äôs needs. The words that will define our children‚Äôs miseducation this year.","Wisconsin, USA",BottAFP,0,1,2021-01-06 00:41:39
5ffdf038642f4e034fae944c,1.34721817544487E+018,"/////Distance Learning Reminders///// #everystudenteveryclasseveryday End of Course exams begin Tuesday, January 19. These are state-mandated exams in Algebra 1, English 2, US History, and Biology 1. Reach out to your child's teacher if you have questions. #GoBigBlue","Aynor, South Carolina",AynorHighSchool,0,0,2021-01-07 16:26:57
5ffdfb71d17caa7111610ee9,1.3473432981308E+018,@Eliana67045140 @UFT @ChalkbeatNY @NYCMayor @NYCSchools @NYCHealthCommr @DrJayVarma @NYGovCuomo Whose the back to school crowd? Are you referring to the 6 year old who cannot focus on remote and is failing to learn to read. Maybe you‚Äôre referring to the special needs child who needs in person services. Maybe the homeless children who need school as a lifeline.,NYC,EducationMatt17,0,0,2021-01-08 00:44:09
5ffe2b47fcdca70acef8117a,1.3468922883714E+018,"Learn 3 easy ways to take #RemoteLearning to the next level in #HigherEd: smart structure, videos and feedback. via @EdTech_HigherEd https://t.co/ZlLWip6icd","Boulder, Colorado",wcet_info,0,0,2021-01-06 18:52:00
5fff3c11e4a2323a8dcaed8b,1.34902011536336E+018,My husband (a middle school music teacher) and several of our closest friends (also all k-12 teachers) have appointments to get the Covid-19 vaccine!!!! üòéüòéüòé,"Albany, NY",K_J_Waite,1,6,2021-01-12 15:47:13
