_id,id_str,content,user_loc,user_screen_name,retweet_count,fav_count,created_at,char_count,sentiment_method,sentiment
5ffde71f5e4953000d99dd55,1.34873534494719e+18,"Virtual learning has caused a fair share of frustration for many students, families, and educators, but that's not always the case. Read below to find out why some ""love virtual learning."" #virtuallearning #k12 #edchat #schoolsreopening #education 
https://t.co/tJBlecoRwm",Wisconsin,Edficiency,0,0,2021-01-11 20:55:39,272,tools,positive
5ffde71f5e4953000d99dd58,1.34870414894716e+18,"Preparing for high school is an exciting time! The SJCSD VIRTUAL High School Showcase is Tuesday, Jan 12. This event highlights special Programs of Choice available for rising 9th and 10th graders. https://t.co/xwSmzJA1zk","St. Augustine, Florida",SJCSD,0,0,2021-01-11 18:51:41,221,tools,positive
5ffde71f5e4953000d99dd5d,1.34867168120897e+18,"The Nature-based 4K Parent Night for enrollment in the 2021-2022 school year will be virtual on Thursday, January 14 - a great opportunity for families to learn more about the West Bend School District‚Äôs community-based 4-year-old kindergarten program. https://t.co/hztQAjANyO","Newburg, WI",RiveredgeNC,0,0,2021-01-11 16:42:40,276,tools,positive
5ffde71f5e4953000d99dd5f,1.34866896314898e+18,Where have all the laptops gone? Some #K12 school districts couldn‚Äôt recover devices initially distributed for #RemoteLearning. That‚Äôs why device management matters. via @EdTech_K12 https://t.co/EBV0fXvXgu #edtech #edchat,"Connecticut, USA",daveandcori,0,0,2021-01-11 16:31:52,221,tools,neutral
5ffde71f5e4953000d99dd65,1.34858085922237e+18,"Will you join me at one of the best virtual summits out there.... ‚Å¶@sheldoneakins‚Å© brings together an exciting line up of educators starting today! 
#edutwitter #equity #k12 The Art of Advocacy Virtual Summit https://t.co/NRipvIKw7t","Florida, USA",SpedTechMia,1,2,2021-01-11 10:41:46,232,tools,positive
5ffde71f5e4953000d99dd6b,1.34794813614934e+18,Excellent story to counter the #FUD out there on sending devices home with students - Monitoring Mobile Devices in a Virtual Environment | EdTech Magazine https://t.co/olD6sdwuE6,"Minneapolis, MN",Dave_Saltmarsh,1,0,2021-01-09 16:47:33,178,tools,positive
5ffde71f5e4953000d99dd6e,1.34770716821312e+18,"MPS students enjoyed virtual winter camps over their holiday break and had the chance to meet animals and create music. #MPSProud

Read the full story at: https://t.co/7WjysKim8H https://t.co/AGyQ8kJQPk",Milwaukee,MilwaukeeMPS,0,0,2021-01-09 00:50:02,202,tools,positive
5ffde7205e4953000d99dd76,1.34755116946443e+18,"Today we announced our plan to start the 3rd quarter of the 2020-21 SY in an all-virtual learning environment at all grade levels. This means that virtual learning will continue for all grade levels until we determine it is safe to return to buildings.

‚û°Ô∏è https://t.co/J3Oi09Kuva https://t.co/JbBrvHs2cG","Madison, WI",MMSDschools,9,23,2021-01-08 14:30:09,304,tools,positive
5ffde7205e4953000d99dd87,1.34715927849959e+18,NASA STEM Engagement. Explore NASA's STEM Resources for K-12.  Excellent resources to inspire and engage student learning.  Excellent resources to integrate into virtual learning programs.  #K12 #eLearning https://t.co/9LrpbTS5mW,Terre Haute Indiana,RoseHulmanPRISM,1,0,2021-01-07 12:32:55,229,tools,positive
5ffde7205e4953000d99dd92,1.34682984567901e+18,"Families of the Class of 2025: Join us to learn about the amazing academic opportunities at New Trier High School on Tuesday, Jan 12 from 6:30-8:30 p.m.

Click here for more information about the upcoming virtual Academic Life event: https://t.co/QjIx77Ft00 https://t.co/VrHSIEKxx4","Winnetka and Northfield, IL",NewTrier203,0,2,2021-01-06 14:43:52,281,tools,positive
5ffde7205e4953000d99dd94,1.34682264261201e+18,Protecting Students from Cyberbullying in the Virtual Classroom https://t.co/BSWdOEgRVO via @EdTech_K12 #edchat #cyberbullying #ptchat,"Princeton, NJ",psychauthormom,0,0,2021-01-06 14:15:15,134,tools,neutral
5ffde7205e4953000d99dd9d,1.34654829533063e+18,"Hey #EdChat: do you leverage #esports in your #K12 curriculum? Here are several strategies you can use to gamify üéÆ your virtual classroom.
https://t.co/Ef6V4AVJj4","New York, USA",ToshibaAmerica,0,0,2021-01-05 20:05:05,162,tools,neutral
5ffde7205e4953000d99dd9e,1.34654652594254e+18,"2021-22 Audition Panel

In lieu of our traditional Audition workshop (a time to come meet the teachers and work hands on) we will be holding a virtual audition panel. 1/7/2021 @3:00 ‚Äì 4:00pm at the link found on the CFA website. See you there!

https://t.co/UBzNpaVpIy https://t.co/9Oa81B6YNz","Richmond, VA",CFA_Henrico,1,2,2021-01-05 19:58:04,292,tools,neutral
5ffde7205e4953000d99dda5,1.3464735547165e+18,Do you need tips on navigating virtual learning? Make sure you visit our help page at https://t.co/D7CGKjEDk6! https://t.co/JlJNy6BaaV,"Bedford, Indiana",WeAreNLCS,1,0,2021-01-05 15:08:06,134,tools,positive
5ffde7215e4953000d99dda7,1.34901623961258e+18,"SOMSD families a reminder transportation request forms and e-signatures for COVID-19 Parent Agreement Letter of Compliance for students returning to hybrid instruction are due today, Tuesday, January 12. Click here for more info:  https://t.co/m0aYmduBOS https://t.co/S97F17RzHN","Maplewood, NJ",SOMSDK12,0,0,2021-01-12 15:31:49,278,tools,positive
5ffde7215e4953000d99dda9,1.34898940740411e+18,"In some places, #teachers and #students have settled in nicely to #hybridlearning via @EdTech_K12 https://t.co/oqwQq4vlCo","Newton, MA",Eduporium,1,0,2021-01-12 13:45:12,121,tools,positive
5ffde7215e4953000d99ddaa,1.34898563138132e+18,"SOMSD families please view return to school updates for hybrid re-entry schedules for the next 3 weeks.   Important update,  Wed., 1/13 will be a District-wide asynchronous day (no live instruction) for all students.  Click here for more info:  https://t.co/0cc80MmGEr https://t.co/BEti0i79gv","Maplewood, NJ",SOMSDK12,0,0,2021-01-12 13:30:12,292,tools,positive
5ffde7215e4953000d99ddae,1.34869249825697e+18,How are #K12 schools preparing for hybrid models of instruction? @LeanderISD leaders focused on professional development and plan to upgrade district firewalls and core switches. #edtech via @EdTech_K12 https://t.co/9Rp0cKYv9r #SCEPFP #EdPolicy #EdLeadership #Edchat #Edtech,"South Carolina, USA",PolicySc,0,0,2021-01-11 18:05:23,274,tools,positive
5ffde7215e4953000d99ddaf,1.34838009185275e+18,How are #K12 schools preparing for hybrid models of instruction? @LeanderISD leaders focused on professional development and plan to upgrade district firewalls and core switches. #edtech via @EdTech_K12 https://t.co/uOjhNOv0wN,"Alexandria, VA",NAESP,5,5,2021-01-10 21:24:00,226,tools,positive
5ffde7215e4953000d99ddb2,1.34811110239207e+18,"How K‚Äì12 #Schools Map Paths to Effective Hybrid Learning by Calvin Hennick. #edtech #blendedlearning
#remotelearning https://t.co/wtSSoIecD1","Wisconsin, USA",mrsa_sci,1,1,2021-01-10 03:35:08,140,tools,positive
5ffde7215e4953000d99ddbd,1.3473192014265e+18,The commitment to return to full in-person or hybrid learning must be signed by the superintendent or chief administrative officer of the school and submitted by Jan. 18 to schools@odh.ohio.gov. Download the form at https://t.co/x7ni5g9UEH #OhioEd #K12 https://t.co/g0yWqyXCop,"Columbus, OH",OHschoolboards,7,7,2021-01-07 23:08:24,276,tools,positive
5ffde7215e4953000d99ddc0,1.34700756332218e+18,"We want to take some time to address issues around Limited In Person Instruction (LIPI) and reopening to a hybrid model. 

Details: https://t.co/jIqnNyBLjU","Newberg, Oregon",NewbergSchools,0,0,2021-01-07 02:30:03,155,tools,negative
5ffde7215e4953000d99ddc2,1.34686762592247e+18,How are #K12 schools preparing for hybrid models of instruction? @LeanderISD leaders focused on professional development and plan to upgrade district firewalls and core switches. #edtech via @EdTech_K12 https://t.co/wOiHqNJvvl #LTWllc #Security,"NJ, NY & PA",LTWllc,0,1,2021-01-06 17:14:00,244,tools,positive
5ffde7215e4953000d99ddc5,1.34657848293192e+18,"CEO Penny Ciaburri's first blog post of the new year discusses the little things we can do in #K12 #Education to improve #SchoolCulture as #students return to face-to-face, #remotelearning and hybrid learning environments.

https://t.co/9v8n9yMDCN https://t.co/C4imD5ijAP",Florida and New York,plcassociates,0,0,2021-01-05 22:05:03,271,tools,positive
5ffde7215e4953000d99ddc6,1.34656966258304e+18,"‚ÄúTeachers are always trying to help, and if they can‚Äôt help, they send things over to me. I do think we‚Äôre moving in a very positive direction, where every week gets better and better"" üó£Ô∏èüó£Ô∏è

#k12education
#Leadership
#Justice
#Equity 

https://t.co/2xVlDMdoOU",New Brunswick,SDPInstitute,1,1,2021-01-05 21:30:00,259,tools,positive
5ffde7215e4953000d99ddc7,1.34650170396162e+18,How are #K12 schools preparing for hybrid models of instruction? @LeanderISD leaders focused on professional development and plan to upgrade district firewalls and core switches. #edtech via @EdTech_K12 https://t.co/vpTxBR1BZi #edchat #remotelearning #hybridlearning,"Connecticut, USA",daveandcori,0,1,2021-01-05 16:59:57,266,tools,positive
5ffde7215e4953000d99ddc8,1.3464855995875e+18,"5 Technology Tips for K-12 Hybrid Learning:
https://t.co/76Dv7txf6N

#k12 #education #806technologies","Plano, Texas",806Technologies,0,0,2021-01-05 15:55:58,101,tools,neutral
5ffde7215e4953000d99ddc9,1.34648179776537e+18,"#EDUCATION: How some #K12 #schools have hit their stride in the effort to provide rigorous and engaging #remotelearning to #students.

https://t.co/zBbejHvLQE

#Hybrid #learning #COVID19",USA,educationblog,1,2,2021-01-05 15:40:51,186,tools,positive
5ffde7215e4953000d99ddca,1.34647329249692e+18,How K‚Äì12 Schools Map Paths to Effective Hybrid Learning https://t.co/yeqD1YKCA6 https://t.co/5UwiVDJ4ju,"Boca Raton, Florida USA",CrossTec,0,0,2021-01-05 15:07:03,103,tools,positive
5ffde7215e4953000d99ddcb,1.34646544006375e+18,How are #K12 schools preparing for hybrid models of instruction? @LeanderISD leaders focused on professional development and plan to upgrade district firewalls and core switches. #edtech via @EdTech_K12 https://t.co/CP3EqLbgQo,"Oklahoma City, OK",VideoReality,0,0,2021-01-05 14:35:51,226,tools,positive
5ffde7225e4953000d99ddd1,1.34879105520287e+18,"As cases of COVID-19 continue to spike statewide in the aftermath of the holidays, K-12 schools are once again struggling to maintain in-person learning and keep classrooms safe. https://t.co/COwptUu1qN","Rutland, Vermont",RutlandHerald,0,1,2021-01-12 00:37:01,202,tools,positive
5ffde7225e4953000d99ddd3,1.34875653047296e+18,"Important winter break return info for our Galena-based Sidney C. Huntington School Families: 

üóìJan 12/13 Galena-based Teacher In-Service (no classes)

üóìJan 14 K-8 SHS students will return to in-person learning

üóìJan 14 SHS high school students remote learning via Teams

1/2","Galena, Alaska",GCSDAlaska,0,0,2021-01-11 22:19:50,276,tools,positive
5ffde7225e4953000d99ddd5,1.34871364872693e+18,@PaulChauvet @Daniell63740189 @MarkLevineNYC @uupinfo Seems interesting that a remote teacher or administrator (k-12) is ahead of colleges that are open and have employees going into the office?,"New York, NY",LAMhookem,0,1,2021-01-11 19:29:26,194,tools,positive
5ffde7225e4953000d99ddd6,1.3486987945448e+18,.@SenSchumer has secured over $4 billion in new federal funding for K-12 education that can be used to ensure all of NY‚Äôs students have access to the remote learning tools outside of schools and social and emotional support inside of schools.  8/10,New York State,AQE_NY,0,0,2021-01-11 18:30:24,248,tools,positive
5ffde7225e4953000d99ddd8,1.34866893714011e+18,"Reminder ~ Thursday, January 14, 2021 will be a planned Remote Learning Day for all students K-12. No students are to come to the buildings for classes on this day. https://t.co/w0orvwOvGQ","Lake George, NY",LakeGeorgeCSD,0,1,2021-01-11 16:31:46,188,tools,negative
5ffde7225e4953000d99ddfb,1.34660072563629e+18,"The Remote K 12 Summit looks great! There are 130+ free PD sessions Saturday, January 9 https://t.co/s62uu39jyR","North Carolina, USA",PollyGlotPress,1,4,2021-01-05 23:33:26,111,tools,positive
5ffde7225e4953000d99ddfc,1.34659231417352e+18,"While much of K-12 education remains remote during the pandemic, there are still ways that teachers can still use culturally responsive teaching practices in online classrooms. 

More from @DrRMahmood via @Tolerance_org here: https://t.co/FTi6Q4om3l",Washington D.C.,EdProgress,0,1,2021-01-05 23:00:00,249,tools,positive
5ffde7225e4953000d99ddfe,1.34655291442529e+18,"DeWine on vaccinating K-12 staff: ""Schools have every right to stay remote. We're not telling them what to do.""
""We happen to think that having school in-person, for most kids, is probably better.""","Columbus, OH",susantebben,1,1,2021-01-05 20:23:27,197,tools,positive
5ffde7225e4953000d99de02,1.34648673203278e+18,"Teaching Math at a Distance, Grades K-12 by Theresa Wills, @theresawills will inspire with real-stories of teachers who reimagined their online class while using familiar pedagogies from their face-to-face setting.

Available at the #NCTM bookstore:  https://t.co/Y4vFBp6LIl https://t.co/mMtwObdoVc","Reston, Virginia",NCTM,8,34,2021-01-05 16:00:28,298,tools,positive
5ffde7235e4953000d99de04,1.34899829133432e+18,"The primary struggle of K-12 educators in an in-person school setting is keeping every student engaged and on task, until the completion of the assignment or activity.  The K-12 distance learning experience, necessitated by the pandemic, has taught parents how difficult it is.","Richmond, VA",pamcgowan52,0,0,2021-01-12 14:20:30,277,tools,negative
5ffde7235e4953000d99de08,1.34765164396643e+18,MPS just texted that pre-K-5 are going back to in-person learning next month. 6-12 will continue distance learning.,"Minneapolis, MN",tomlowrysghost,2,1,2021-01-08 21:09:24,115,tools,neutral
5ffde7235e4953000d99de0c,1.34752819221988e+18,Imagine: ongoing (virtual) workshops and conferences on distance learning. A summer summit for teachers on what went well/what to try in the fall. Working with private industry to provide free broadband for all K-12 students nationwide for duration of pandemic.,"Providence, RI",debbylevine,0,6,2021-01-08 12:58:51,261,tools,positive
5ffde7235e4953000d99de13,1.34683526700567e+18,Are people truly this blind to what is going on? Virtual and distance learning is failing K-12 students. Kids are suffering. Wake up America and #OpenSchools https://t.co/VThGsfz9Bj,"Virginia, USA",MJGood4three,1,2,2021-01-06 15:05:25,181,tools,negative
5ffde7235e4953000d99de14,1.34669800948084e+18,The Nevada Department of Education on Tuesday said that 100% of students are connected to internet for distance learning. FOX5's @NkirukaAzuka has the story. https://t.co/c482kJgDvD https://t.co/ceVNmged73,Las Vegas,FOX5Vegas,2,9,2021-01-06 06:00:00,205,tools,neutral
5ffde7235e4953000d99de15,1.34658983825071e+18,"All Nevada K-12 students have distance learning access, state task force says https://t.co/9K3yaR670H via @fox5vegas #blackbusinesschamber","Las Vegas, Nevada",BBChamberLV,0,0,2021-01-05 22:50:10,138,tools,neutral
5ffde7235e4953000d99de1c,1.34647296980401e+18,"The group, formed under Gov. Steve Sisolak's COVID-19 Task Force, has reached and connected every Nevada K-12 student participating in distance learning, either full- or part-time.
 https://t.co/2kGI15svE1",Las Vegas,FOX5Vegas,0,5,2021-01-05 15:05:46,205,tools,positive
5ffde7245e4953000d99de1d,1.34902711688987e+18,Students at @UMich have started a free online tutoring service to help K-12 students from low-income families complete their schoolwork. https://t.co/MASKo60pIW,"Washington, DC",povertynews,0,2,2021-01-12 16:15:03,160,tools,positive
5ffde7245e4953000d99de22,1.34897306493187e+18,Virtual School is Only Option for Over 50% of US K-12 Students as 2021 Begins. What is long term impact on teachers/students who had to jump online with little/no on boarding and/or training in best practices? What do we know for the future of ed-hybrid? https://t.co/ZaQYaIq7tH,"Denver, CO",GlobalMindEDorg,0,0,2021-01-12 12:40:16,278,tools,positive
5ffde7245e4953000d99de23,1.34895836946649e+18,"@filtrfairy I wholeheartedly feel so bad for female idols...they face pressure from the kpop industry...and also have to worry about the spycam horror in korea...spycam photos of Momoland's Nancy recently went online and she is experiencing emotional trauma...so sad!!
https://t.co/Xy8IDepQms",NJ,_krystal_snow_,0,1,2021-01-12 11:41:52,292,tools,negative
5ffde7245e4953000d99de24,1.34884402959374e+18,All Detroit Lakes K-12 students to start in-person or hybrid learning on Jan. 19 https://t.co/fy0MPWEqXm,"Detroit Lakes, Minnesota",DLNewspapers,1,3,2021-01-12 04:07:31,104,tools,neutral
5ffde7245e4953000d99de25,1.3488233344405e+18,"This is a great question. While majority of students hate online school, there are plenty are do so much better at it. I would love to see the school district open a k-12 online only charter school for these students and allow this to be an option for ever for those who want it. https://t.co/2hYMeFuUo6","Milwaukie (Portland), Oregon",craigmdyer,0,10,2021-01-12 02:45:17,303,tools,positive
5ffde7245e4953000d99de27,1.34879152906678e+18,"Weird how many online K-12 schools and home schooling programs there are with successful kids, but only physical schools are the solution.",Arizona,FadedNeonGlow,0,0,2021-01-12 00:38:54,138,tools,positive
5ffde7245e4953000d99de28,1.34879068037887e+18,".@WJCLNews: in-person K-12 teaching is critical; teachers have tried hard to effectively reach students via ‚Äúonline learning,‚Äù but it‚Äôs a poor substitute. The vaccination of our teachers should be prioritized. https://t.co/ygKRLf06AC","Beaufort, South Carolina",senatortomdavis,4,15,2021-01-12 00:35:32,233,tools,negative
5ffde7245e4953000d99de2d,1.34871129555031e+18,"@Idontma48200911 @Loretta_Torrago @BernieDogs4 @jfeldman_epi @fattyMPH @tylerblack32 @Theresa_Chapple I just found it and the study showing that e-learning was superior was specific to med school students, so it's not really relevant to the K-12 setting, but the video also linked to this article. https://t.co/ftWRW2Nupx","Montgomery County, MD",mocoteachers,0,0,2021-01-11 19:20:05,321,tools,positive
5ffde7245e4953000d99de38,1.34843593999614e+18,"Interested in tutoring this week? Free tutoring sessions are available online for grades K-12 to address a variety of student (&amp; parent) specific support needs. Visit https://t.co/HIIzIKuI96 then ""Online Tutoring Support"" to sign-up or click here directly: https://t.co/2LgOTw55qh https://t.co/m0nMHJSfxm","Derby, KS",DerbySchoolsKS,4,1,2021-01-11 01:05:55,308,tools,positive
5ffde7245e4953000d99de3b,1.34832246799197e+18,"Learn more about architecture and design from the comfort of your own home with free, live online Architecture at Home workshops led by Center for Architecture educators. Each 45-minute session is open to at-home learners, families, and youth ages 5+: https://t.co/sYMDubUQ70 https://t.co/eFBKlCFaeC","536 LaGuardia Place, New York",CenterForArch,2,2,2021-01-10 17:35:01,299,tools,positive
5ffde7245e4953000d99de4e,1.34760918810556e+18,"@ASU is hosting a FREE VIRTUAL EVENT for K-12 teachers around the world, Saturday, Jan. 9, from 9 a.m. -3 p.m. PST. This event will help teachers to deliver better online and blended learning experiences. Click here to register. 
https://t.co/h2aC1aHIQo #azhealthandliving https://t.co/4mALmtQw9f",Arizona,AzHealthLiving,0,1,2021-01-08 18:20:42,296,tools,positive
5ffde7245e4953000d99de53,1.34734627836837e+18,This is wonderful! Entrepreneur Makes History as Founder of One of the First Black Woman-Owned Online K-12 Virtual Schools - https://t.co/PN53F9r5d6,USA,thepnpagency,0,0,2021-01-08 00:55:59,148,tools,positive
5ffde7245e4953000d99de54,1.34731886382683e+18,"Calls: Celebration of Teaching 7th Annual Conference. Teaching Online in K-12: Best Practices, Challenges, and Perspectives: Call for Participation: The CoT February 2021 seeks 10-minute practical demo lessons addressing this year's theme - Teaching‚Ä¶ https://t.co/rMcORA0AYa","Bloomington, Indiana",linguistlist,0,0,2021-01-07 23:07:03,274,tools,positive
5ffde7245e4953000d99de55,1.34731246011042e+18,"Instead of having k-12 students toggling from in school learning to online learning, just let them watch 3 hours of tiktok everyday. They will so much more I guarantee it",Indie Anna,_cinnaJan_,0,3,2021-01-07 22:41:37,170,tools,positive
5ffde7255e4953000d99de5e,1.34716856535137e+18,"With more students learning online, K-12 cyber education has become more important than ever. This is why we are developing cyber learning standards to ensure every K-12 student receives valuable cyber skills. Read more from @DA_magazine: https://t.co/ZWjy3AlnvS","Bossier City, Louisiana",cyber_dot_org,0,1,2021-01-07 13:09:49,262,tools,positive
5ffde7255e4953000d99de5f,1.34694522787806e+18,"Today, @PepsiCo announced its support of @caseysgenstore's month-long giving campaign to provide funding for projects at K-12 schools. $1 will be donated for every in-store or online purchase of a @LIFEWTR brand drink. Read more at https://t.co/FO7EB2DzAJ.","Des Moines, IA",IABev,1,3,2021-01-06 22:22:22,256,tools,positive
5ffde7255e4953000d99de60,1.346929163933e+18,"And who's to pay for educating teachers of K-12 how to teach properly online? Well they need to take a hint from colleges. ""You want me to teach online, then you pay for my time to learn and convert my class."" That's how colleges got their early pioneers to convert curriculum.","Orlando, FL",BestWorstOnline,0,1,2021-01-06 21:18:32,277,tools,positive
5ffde7255e4953000d99de62,1.34685580732178e+18,"‚Äú...been a remarkable shift in the attitude towards online as a mode for education &amp; learning. Not only students as end-users, but also schools, colleges, &amp; tuition centres are adopting tech-based learning solutions‚Äù https://t.co/CsQzTDL2Pe

üôå @febdonline

#edtech #LMS https://t.co/Gj6eZzFIvT","Metro Detroit, USA",mjcraw,0,1,2021-01-06 16:27:02,301,tools,positive
5ffde7255e4953000d99de65,1.34683491323707e+18,"Love when the community comes together to support one another! Education professors have provided tips for K-12!
#Education #support #tips #RemoteLearning
https://t.co/Vj3NBuOHtR https://t.co/CvoYghR5tf","Albuquerque, NM",satish_raichur,0,0,2021-01-06 15:04:00,202,tools,positive
5ffde7255e4953000d99de69,1.34661527125619e+18,"The incredible K-12 Online Teaching Academy from @sjsulurie is coming back! Mark your calendars to and be sure to RSVP! üìÜ ü§î
https://t.co/6keHyu49Dn","San Jose, California",SJSU,1,7,2021-01-06 00:31:14,147,tools,positive
5ffde7255e4953000d99de6e,1.34654950422961e+18,"Meaningful meeting with @wearelosd K-12 Admin team today, working on school-based implementation factors for the strategic plan, addressing the wellbeing of students &amp; staff for in-person &amp; online school &amp; a focus on cognitive flexibility as a very important skill for this era. https://t.co/NgO1ALMYH6","Lake Oswego, OR",DrLoradelaCruz1,0,4,2021-01-05 20:09:54,314,tools,positive
5ffde7255e4953000d99de74,1.34650593377878e+18,All K-12 #educators! Applications are open for the Emancipation and Evolving American Identity 2021 summer online teacher‚Äôs institute. Learn more about these exciting opportunities and resources: https://t.co/FL2pgTzGQu #TeachEmancipation https://t.co/41dsdH1NpT,"Richmond, VA",ACWMuseum,3,8,2021-01-05 17:16:46,262,tools,positive
5ffde7255e4953000d99de75,1.34649844713908e+18,"To be called a Nazi, commie, socialist, t*rf, k*ke, any number of pejoratives online is common when disagreement devolves into mudslinging, but to claim people aren‚Äôt human is a terrible thing to do, much worse than ad hominem attacks. 9/12","Minneapolis, MN",CyQuilp,0,0,2021-01-05 16:47:01,240,tools,negative
5ffde7255e4953000d99de78,1.34647376621844e+18,"@GKMcCabe @robinince Well I guess you would get a good grip on my opinion if I said I can‚Äôt and won‚Äôt condemn J.K.Rowling. However that does put me in the firing line. I don‚Äôt often debate online, I do like to discuss philosophical matters with my step daughter who is 12, friends and my husband tho.",Derbyshire,Charmaineej,0,2,2021-01-05 15:08:56,300,tools,positive
5ffde7265e4953000d99de80,1.34901026589609e+18,"Make sure to register for the Virtual Edu-Tech / Edu-Tech Academics on March 3rd. This event will bring together the heads of Technology and Curriculum &amp; Instruction from K-12 school districts. To register visit, https://t.co/aRQTEF2Icj
#education #technology #academics","New York, NY",Opal_Group,0,1,2021-01-12 15:08:05,274,tools,positive
5ffde7265e4953000d99de81,1.34900722688796e+18,"Human and Physical Geography of East Asia: A Virtual Seminar for K-12 Teachers in New England. Starts in February. Register early to secure your spot! https://t.co/2XIzPsOrDc
 #SocStudME #vted #edchatRI https://t.co/2uI0xbVtqX","Providence, RI",ChoicesProgram,0,0,2021-01-12 14:56:00,226,tools,positive
5ffde7265e4953000d99de86,1.34882183561446e+18,@L_D_Washington Honestly? I‚Äôm not giving my daughter‚Äôs school the chance to fail her again. I went with k-12 for virtual instead of whatever option ours was rolling out at the last min after classes started. She wants to stick with it the rest of her time (currently 6th grade),SW Missouri near Springfield,Aerdrie,3,14,2021-01-12 02:39:20,277,tools,negative
5ffde7265e4953000d99de87,1.34881235161364e+18,"Hey! Did you know the LIRR‚Äôs T.R.A.C.K.S. Program has FREE virtual railroad safety classes for kids grade K-8? Register your child for classes starting tomorrow, Tuesday, January 12 at 9:30 AM. Check out the T.R.A.C.K.S. page at https://t.co/ElKD6jvTwM for details and to sign up! https://t.co/fxh8Tcovfu",New York,LIRR,0,6,2021-01-12 02:01:39,304,tools,positive
5ffde7265e4953000d99de89,1.3487455568527e+18,"While our K-12 grade students have been in virtual school during the 1st semester, our preschool program has been running in-person since September, with safety, learning, &amp; fun in mind. See a clip of a day-in-the-life of our preschool students (ages 3&amp;4) during the school year. https://t.co/QhPzQQmBmq","Sandy Spring, Maryland",ssfs_springers,0,2,2021-01-11 21:36:13,311,tools,positive
5ffde7265e4953000d99de8a,1.34873284519214e+18,"Virtual Book Buddy - Tuesday, January 12, 4:30 pm - Kids in grades K-2 can join Miss Pam from our Fairlawn-Bath Branch as she reads picture books and early reader chapter books aloud. Register to receive a Zoom link: https://t.co/VqNYbPzGr7 https://t.co/k2W1EnKj7i","Akron, Ohio",akronlibrary,3,3,2021-01-11 20:45:43,264,tools,positive
5ffde7265e4953000d99de8b,1.34871657503833e+18,@SinaGebreAb Thank you! I know they enjoyed speaking with you and we did too. Thanks for sharing them and our no cost K-12 #inventioneducation program and virtual celebration Invent on Ohio #Kidinventors,"Ohio, USA",InventionLeague,0,0,2021-01-11 19:41:04,203,tools,positive
5ffde7265e4953000d99de8d,1.3486353892135e+18,@LonelyCabbie84 @GovernorVA @LoudounSchools You should absolutely have a choice as should I. As an aside virtual has always been an option even pre C19 it‚Äôs called virtual Virginia / K 12. You can keep your kids home as long as you wish.,"Ashburn, Virginia",suburbanitonup,0,0,2021-01-11 14:18:27,237,tools,positive
5ffde7265e4953000d99de8e,1.34862376784989e+18,"We want to determine INTEREST in a virtual learning option for 2021-22 SY &amp; beyond. Click the link below to take a survey. Results will determine if enough interest exists to offer to grades K-12. This is not a firm commitment! Survey closes January 25.
https://t.co/JK67tu0sRT","Fairfield, Ohio",FCSDNews,1,0,2021-01-11 13:32:17,281,tools,positive
5ffde7265e4953000d99de91,1.34843459047466e+18,"We have partnered with the fabulous @NorthropUMN to create a lesson around the concept of mercy for an amazing dance performance by Ronald K. Brown. Check out this virtual field trip for grades 5 - 12.

https://t.co/mAoe2lKhus","Minneapolis, MN",umn_RampUp,3,0,2021-01-11 01:00:33,226,tools,positive
5ffde7265e4953000d99de96,1.34810226743877e+18,"Calling all young artists in grades K-12! @PhxLibrary is hosting a virtual art exhibit in FEB 2021 to celebrate Black History Month. Kids are invited to participate. Entry deadline is 5 pm, FRI, 1/22/2021. Learn how to submit art &amp; more: https://t.co/3W1OllQW4O #BHM #Voices #Art https://t.co/lscu8IoJQu","Phoenix, Arizona",PhxLibrary,2,3,2021-01-10 03:00:01,307,tools,positive
5ffde7265e4953000d99de97,1.34800940699111e+18,Best Practices for Video Communications in K-12 Recording: https://t.co/dZXTHfXj1l Join Zoom and CILC for a discussion on how schools across the country are using video communications to enrich student learning with interactive virtual content. https://t.co/7F3Ds7BzhM,"Mankato, MN",cilcorg,0,0,2021-01-09 20:51:02,268,tools,positive
5ffde7265e4953000d99de9a,1.34773687436282e+18,"CDC K-12 School Metrics informed local school board's decision to close buildings until at least Jan. 15; data shows similar ""highest"" risk of school transmission for all counties in Culpeper health district. https://t.co/frMQyvqpwu","Virginia, USA",CulpeperSE,0,0,2021-01-09 02:48:05,232,tools,negative
5ffde7265e4953000d99de9f,1.34759019166246e+18,"Hear from two K-12 coaches about ‚ÄúVirtual Coaching‚Äù on the inaugural episode of the Ayers Institute‚Äôs ‚ÄúSpotlight‚Äù podcast. Instructional coaching is making a difference for teachers &amp; schools, even while adapting to ‚Äòvirtual‚Äô delivery methods.  https://t.co/71X86DK5yg","Nashville, Tennessee",ayersinstitute,0,0,2021-01-08 17:05:13,272,tools,neutral
5ffde7265e4953000d99dea3,1.34753938910317e+18,"this is an African-centered school in Brooklyn, NY from K-12. They also have a virtual learning option for those outside of Brooklyn. https://t.co/9GbNqrRbmo",Captured Land,AfroN8V,3,5,2021-01-08 13:43:21,157,tools,neutral
5ffde7265e4953000d99dea6,1.34738832703771e+18,@allingameyo @BORUSG This so totally sucks. It's scary that I trust my kid's public K-12 district to make appropriate safety decisions more than USG (CCSD just announced they are staying virtual until it's safer). Grateful for my ADA accommodation.,"Georgia, USA",Eronusis,0,1,2021-01-08 03:43:05,248,tools,positive
5ffde7265e4953000d99deb3,1.34687078945121e+18,"@leslywritesalot @SkidonenkoForTX Like reliable wifi for virtual learners, too!  HUGE issue/problem in 2020 for K-12 and college students.","Texas, USA",KVD4gunsense,0,1,2021-01-06 17:26:34,138,tools,positive
5ffde7265e4953000d99deb5,1.3468643268257e+18,"#WorkforceWednesday The #STEM4Innovation Conference for K-12 Education has gone virtual January 11-12, 2021! Registration is free! Learn more: https://t.co/XWmUYxqQHG @SparkTAMU https://t.co/nICdAPHrNu","College Station, Texas",TAMU_NatLabs,2,3,2021-01-06 17:00:53,201,tools,positive
5ffde7265e4953000d99deb9,1.34659233659632e+18,"Based on current data provided by the State of Pennsylvania concerning COVID 19 transmission rates, WASD will remain in K-12 virtual learning through Friday, January 29, 2020.","New Wilmington, PA",WilmingtonSD,0,0,2021-01-05 23:00:06,175,tools,neutral
5ffde7265e4953000d99debb,1.34656531284668e+18,@pearsonwwp and @SusanTotaro talk to NJ math educators about global competencies in mathematics grades K-12 in our virtual PD session this afternoon @RussoMarkF @AndreaBean6 @LenaKomitas @DiannaNJMathEdu @kerrigan_john https://t.co/1y668nBU9B,"New Jersey, USA",amtnj,3,6,2021-01-05 21:12:43,242,tools,neutral
5ffde7265e4953000d99debe,1.34651506255983e+18,"Hosting lunch bunch every week is so fun, especially when we‚Äôre all virtual! They always pick to play @GetKahoot Today we played National Geographic themed Kahoots! @LHECMES lunch bunch times: Tuesday‚Äôs K-2nd Thursday‚Äôs 3rd-5th From 12:15-12:45! Email me for the class code! https://t.co/QPu8QghsXO","Cary, NC",MsB_counselor,0,7,2021-01-05 17:53:02,298,tools,positive
5ffde7265e4953000d99debf,1.34648938348302e+18,"We are distributing pro athlete / Olympian self-made, motivational fitness videos (tips) to K-12 students that are in virtual school and missing out on key physical activities. If you have clients or colleagues interested to help and make one - pls DM me. More the merrier!","Arlington, VA",david_schwab,3,5,2021-01-05 16:11:00,273,tools,positive
5ffde7265e4953000d99dec4,1.34644153563476e+18,"In the US, as of Jan 4:  
53.4% of K-12 students attending ""virtual-only"" schools 
 31.7%  attending ""traditional"" In-person/every day"" schools 
14.9% attending ""hybrid"" schools
via @BurbioCalendar K-12 School Opening Tracker https://t.co/mruFxPIqpa 
 #remotelearning https://t.co/6HCJejU5TR","New York, NY",intl_ed_news,0,2,2021-01-05 13:00:52,291,tools,neutral
5ffde7275e4953000d99decf,1.3480796118008e+18,"K-12 teachers in Ohio could begin receiving the COVID-19 vaccine as early as Feb. 1, provided their districts agree to return to in-person or hybrid learning by March 1.

https://t.co/N8uCfjJlRJ","Cincinnati, Ohio",WCPO,0,5,2021-01-10 01:30:00,194,tools,positive
5ffde7275e4953000d99ded7,1.34665807662409e+18,"@NAEmmanuele I hear ya! Came home and our super sent an email saying we have 11 individuals who have either tested positive, are presumed positive, and/or are symptomatic. But because those happened over break we're not changing course (k-6 f2f, 7-12 2-day fully synchronous hybrid).","Pennsylvania, USA",SarahMBond,0,1,2021-01-06 03:21:19,283,tools,positive
5ffde72a5e4953000d99df27,1.34905460256665e+18,"@DrSurvivor Such an influence! I swore I'd never teach, especially high school. But, here I am.
That said, my mom had a scholarship to FAMU to play clarinet, but got pregnant, married, and stayed home. She was the constant ""there are HBCU's"" in my ear...thank goodness!","Kansas City, MO",Iceman_0693,0,1,2021-01-12 18:04:16,269,tools,positive
5ffde72a5e4953000d99df32,1.34905055926596e+18,Sarah Sanders: Former Trump spokesperson gets lectured on First Amendment by her old high school teacher https://t.co/em9kvp6RQh via @Yahoo It's a miracle that you survived high school. IN SPITE of what they tried to teach you. Good Luck Gov.üòä,Florida,ElDuce44507562,0,0,2021-01-12 17:48:12,243,tools,positive
5ffde72a5e4953000d99df36,1.3490499134564e+18,"@fourantifakids him being a socialist, his refusal to condemn riots when he was in Birmingham jail, his death, and historical context. One of the biggest things that school failed to teach me was about other black revolutionary leaders. We talk about MLK but not X or Hampton etc","Minnesota, USA",UnstableFemboy,0,5,2021-01-12 17:45:38,279,tools,negative
5ffde72a5e4953000d99df41,1.34904560588103e+18,@Mr_Ankrum I am retired but still substitute teach.  Every teacher I have talked with wants to be in school working with kids.  Teachers want to be safe and have a responsibility to their own family as well as their students . Unions are trying their best to navigate this pandemic as well.,"Kansas City, MO",CraigVanbebber,1,1,2021-01-12 17:28:31,290,tools,positive
5ffde72a5e4953000d99df44,1.34866124152761e+18,"Despite the pandemic- with school attendance rates dropping all across the country- Teach 360 students stayed strong and maintained a stellar 91.3% attendance rate throughout the year. We are so proud of their commitment and hard work!
#Amaanah #Houston #Refugees #NewAmericans https://t.co/b94WsA4J77","Texas, USA",AmaanahServices,0,0,2021-01-11 16:01:11,301,tools,positive
5ffde72a5e4953000d99df47,1.34865775302852e+18,"We are proud to share our founder's insights.  

At After-School All-Stars NY, we work every day to keep our students safe and health AND to teach them how to use their voice to protect their future. https://t.co/SPqyfbBATj",New York,ASASNewYork,0,0,2021-01-11 15:47:19,223,tools,positive
5ffde72a5e4953000d99df4e,1.3486550828464e+18,"@BeschlossDC @DrGJackBrown Overseas, the Armed Force‚Äôs Network (AFN) broadcasts ‚ÄúAmerica History‚Äù instead of the usual ‚Äúproduct commercials‚Äù. I always thought that THIS is what the US needed to do to teach our citizens.  We cld also make ‚ÄúSchool House Rock‚Äù mandatory viewingüôÑ. Ignorance is killing us!",Las Vegas,riversl706,0,1,2021-01-11 15:36:43,302,tools,negative
5ffde72a5e4953000d99df51,1.34865426342629e+18,YES I CAN because I teach virtual school in a two bedroom Manhattan apartment and most families I know do this! Completely tone deaf. That‚Äôs going to be a no from me. https://t.co/tNtlJtFb3c,New York City,SJWhipp,0,1,2021-01-11 15:33:27,190,tools,positive
5ffde72b5e4953000d99df5d,1.34864469414269e+18,@NewsHourExtra @MOREcaucusUFT I would be very cautious about using this ‚Äúdata‚Äù at face value and insinuating that remote learning is better for anyone except school staff who are currently getting vaccinated and still do not want to return to teach their students in-person.,"Massachusetts, USA",AlexisKat6,0,0,2021-01-11 14:55:26,274,tools,positive
5ffde72b5e4953000d99df77,1.34862726287094e+18,@CTrevorNelson Glad I signed up last night. All the teachers who want to get vaccinated are trying to sign on and are greeted by another limp response from @dougducey. We have school to teach!,AZ,marnizarr,0,0,2021-01-11 13:46:10,192,tools,positive
5ffde72b5e4953000d99df7c,1.34862504309863e+18,"@SJDJ @garydanewhite @leetramp @MsA_Physics @cossettej @RVieyraAEF @BarnettDreyfuss They are a friendly group!  Plus, I teach a section of HS physics at a local high school. I went to listen more than talk. There was a lot of good discussion",Oklahoma,SteveMaier_,0,1,2021-01-11 13:37:21,241,tools,positive
5ffde72c5e4953000d99df89,1.34861074222907e+18,"@JeremyVineOn5 My children‚Äôs school have been amazing! I can‚Äôt fault them. I can‚Äôt even turn my camera on zoom, yet teachers have to teach classes with parents too.",Warrington,shelleycatz,0,0,2021-01-11 12:40:31,164,tools,positive
5ffde72c5e4953000d99df97,1.3485983073088e+18,"@money_teach My school is allowing teachers to start virtual clubs. It‚Äôs not the same as coaching a sport, but can provide an extra income opportunity. Also, if you really aren‚Äôt feeling the extra job right now, maybe that‚Äôs just not what you should be doing right now..","New York, NY",sense_w_cents,0,3,2021-01-11 11:51:06,270,tools,positive
5ffde72e5e4953000d99dfe0,1.34849470302568e+18,"@VinGuptaMD I wish someone would listen to you about this, Doc. My son &amp; his wife
teach at a regional high school every day...no hybrid.Never close despite so many w/Covid one case at a time &amp; in NJ must have caught it on site to close. BOE &amp; parents happy! Distressing. Be safe.Blessings. üôè","New Jersey, USA",NennoEllen,1,15,2021-01-11 04:59:25,303,tools,positive
5ffde72f5e4953000d99e000,1.34846332602463e+18,"Bc I honestly don‚Äôt see the point in going to the school, daily, just to teach from my computer while trying to maintain my 2 year old daughter and my two school aged children, who are also virtually learning. I‚Äôve done that before, it‚Äôs damn near impossible .","Albany, GA",_TiaAudreana,0,0,2021-01-11 02:54:44,260,tools,positive
5ffde72f5e4953000d99e00c,1.34845091422346e+18,"@AustinISD Our city‚Äôs hospitals are overflowing. Cancel school, @AustinISD! If even one family is in an accident from the dangerous weather conditions, how will they receive adequate treatment? If a teacher is injured, who will teach their students with the sub shortage? Cancel now. Please.","Austin, Texas (sometimes üá¨üáß)",AmberElby,2,60,2021-01-11 02:05:25,291,tools,negative
5ffde7305e4953000d99e015,1.34844309958082e+18,"@nityanayar @AustinISD The roads are going to be icy in the morning and teachers are required for the most part to teach in school, not virtually. They deserve to have their safety taken into consideration. So do the children who attend in-person learning and ride the bus without seatbelts.",texas,emojen405,0,16,2021-01-11 01:34:22,291,tools,positive
5ffde7305e4953000d99e01f,1.34843747600898e+18,"Tomorrow I have to go back into the school building for my full work day and teach my (all remote) students from my classroom. I‚Äôm not very upset about it, but I have enjoyed the opportunity to work from home recently. I‚Äôm way more productive at home during my non-teaching hours.",IL,jbrtva,0,3,2021-01-11 01:12:01,280,tools,positive
5ffde7305e4953000d99e029,1.34843100290609e+18,"""The union has said that no teacher should be required to teach in person until all school employees have had the opportunity to get vaccinated, or until the city‚Äôs positivity rate falls to 3 percent and its rate of new cases falls below 400 per day.""","Washington, DC",DeAngelisCorey,10,26,2021-01-11 00:46:18,251,tools,positive
5ffde7305e4953000d99e03b,1.34841342986689e+18,@OUSD_Parents @GavinNewsom Wow. Wow. I want every one of the teachers who get vaxxed before the elderly to look our kids in the eye and tell them why they refuse to teach them at school. And then go to a nursing home to tell those folks how they deserve it more than a 75+ who‚Äôs been patiently waiting.,"Oregon, USA",PNW_working_mom,4,24,2021-01-10 23:36:28,302,tools,positive
5ffde7305e4953000d99e040,1.34840896183857e+18,"@Rapheeky @chrisspaces @christian_ebon @bdez__ @whatwenotgondo @_as1ya Healthcare workers are positions where technical abilities are just as important as emotional intelligence and compassion. You may feel PERSONALLY that you don't give them the same relevance, but there isn't a single medical school in the country that would teach otherwise.","Orlando, FL",ReggieDAES,0,0,2021-01-10 23:18:43,345,tools,positive
5ffde7305e4953000d99e041,1.3484070265657e+18,"@Principal4GT Mrs. Reeda Butler my Alg2/Trig teacher at Bayside High School told me the words that changed my life, ‚ÄúYou are going to fail my class‚Äù.  I my first nine weeks grade was a B, because she helped me everyday after school. Years later, I had the honor to teach her grandson.","Virginia Beach, Va",l_pinner,0,0,2021-01-10 23:11:01,284,tools,negative
5ffde7315e4953000d99e04a,1.34840425454166e+18,"School Of Life: Right now, many kids aren't in their classrooms ‚Äî but there is so much to learn outside of school as well. This hour, TED speakers explore life lessons that teach us far more than any textbook. Listen tonight at 7pm https://t.co/Jo2QjaOlZT https://t.co/Pj8H0kBdQA","Montr√©al, Qu√©bec",CJAD800,0,2,2021-01-10 23:00:01,279,tools,positive
5ffde7405e4953000d99e299,1.34776713676936e+18,@SpencerJCox Does teachers just refer to school teachers? I‚Äôm a dance teacher in Utah and teach 40+ kids.,"Utah, USA",itsbrooooklyn,0,0,2021-01-09 04:48:20,105,tools,neutral
5ffde7425e4953000d99e2ee,1.34769806865782e+18,"@RStation33 Thanks. My kid‚Äôs school@has returned to only virtual learning, so I‚Äôve petitioned to teach remotely. Many staff and faculty won‚Äôt be given that option.","Phoenix, Arizona",moustique33,0,0,2021-01-09 00:13:53,163,tools,positive
5ffde7425e4953000d99e2f2,1.34769275153457e+18,"@FapeMomAdv @angrybklynmom The one benefit of remote for us is that I saw the failure of the school to teach my daughter w special needs.During remote I researched &amp; was able to work hard &amp; bring her to grade level on my own. Without remote to observe her I never would have known her potential.However, 1/2","Manhattan, NY",NYC_stateofmind,0,2,2021-01-08 23:52:45,315,tools,positive
5ffde7425e4953000d99e2f4,1.34769208506801e+18,@MarkChangizi Ill come in and teach! I have offered to volunteer and my kids‚Äô hybrid school. I work in healthcare and know the risks.  I will do it.  Time to get other teachers who will do it,"California, USA",onlyrationalth1,0,2,2021-01-08 23:50:06,191,tools,negative
5ffde7455e4953000d99e375,1.34760811404086e+18,"So Chicago public schools, who has an enrollment of 340,658, is back to in person school and any teacher who does not teach in person by Monday is getting fired. But #FCPS buildings remain closed. @Ts4OpenSchools @FcpsOpen","Virginia, USA",MJGood4three,1,13,2021-01-08 18:16:26,222,tools,negative
5ffde7465e4953000d99e3a2,1.34758734125537e+18,@Travisdhanraj @fordnation @Sflecce We have students that cannot do online learning due to vision and mobility issues ( to name but 2). These Ss need to be in school for sure. Problem is teachers like myself who teach all classes will need to be in school and virtual. It's disorganized beyond belief.,Innisfil. ON,DoCoRuMFC,0,1,2021-01-08 16:53:53,301,tools,positive
5ffde76d5e4953000d99e903,1.34653967198002e+18,@Suntimes I support every teacher that values living long enough to get vaccinated within the next few months and can then teach for many years. Delayed learning is ok. I missed most of 4th grade while homeless and went on to work at a college. You can catch up school as long you live.,"Milwaukee, WI",MilwaukeeForev1,0,0,2021-01-05 19:30:49,286,tools,positive
5ffde76d5e4953000d99e90a,1.34653477468552e+18,To move our whole school timetable online in order to teach over 1200 students remotely today for the very first time was an amazing achievement. Well done Chase Teamüëèüèª,"Malvern, Worcs",raggedstone68,0,1,2021-01-05 19:11:22,168,tools,positive
5ffde76d5e4953000d99e90d,1.34653281711577e+18,"@CTULocal1 It‚Äôs pretty direspeful to say you care about children‚Äôs education when you refuse to go into school and teach in person, but are fine with teachers traveling all over the world. It just proves you really don‚Äôt care about the kids #FireSarah #VouchersWork","Indianapolis, IN",TingyWingy,0,2,2021-01-05 19:03:35,265,tools,positive
5ffde77b5e4953000d99eaa5,1.34661789278006e+18,"@FinancialTimes @IsabelBerwick Asynchronous Learning: something that is done to children in virtual education that suits the education establishment, and the union‚Äôs schedule, rather than a child‚Äôs needs. The words that will define our children‚Äôs miseducation this year.","Wisconsin, USA",BottAFP,0,1,2021-01-06 00:41:39,270,tools,neutral
5ffdf038642f4e034fae944c,1.34721817544487e+18,"/////Distance Learning Reminders///// #everystudenteveryclasseveryday End of Course exams begin Tuesday, January 19. These are state-mandated exams in Algebra 1, English 2, US History, and Biology 1. Reach out to your child's teacher if you have questions. #GoBigBlue","Aynor, South Carolina",AynorHighSchool,0,0,2021-01-07 16:26:57,267,tools,neutral
5ffe2b47fcdca70acef8117a,1.3468922883714e+18,"Learn 3 easy ways to take #RemoteLearning to the next level in #HigherEd: smart structure, videos and feedback. via @EdTech_HigherEd https://t.co/ZlLWip6icd","Boulder, Colorado",wcet_info,0,0,2021-01-06 18:52:00,156,tools,positive
